timestamp,j1,j2,j3,j4,j5,j6,x,y,z,rx,ry,rz,gripper
1770929411.6723564,0.61,-0.52,-0.52,-2.63,0.43,3.16,53.7,-62.4,417.7,-93.69,3.18,-89.15,3.0
1770929411.716655,0.6099999972949024,-0.6640111586825814,-0.5200000000000001,-2.8397329284682282,0.42985741613434164,3.2506912860380117,54.97315866299938,-62.429210170180575,417.47925926320283,-93.94604053224388,3.251039759050499,-89.16981694159237,3.0
1770929411.760954,0.609999997835922,-0.9774311491682875,-0.5200000000000001,-2.550897453885694,0.4298859329074734,3.338330806608187,56.449638041510624,-62.42559035836669,417.43007407722894,-93.94838798135068,3.3408318072403995,-89.17496466438503,3.0
1770929411.8052526,0.6099999999999999,-1.4,-0.52,-1.9299999999999997,0.43,3.42,58.00000000000001,-62.4,417.5,-93.78,3.44,-89.17,3.0
1770929411.8492591,0.6100000021640781,-1.8714577397206016,-0.5200000000000001,-1.1435469905587505,0.4301140670925267,3.4927803045029244,59.49480640293384,-62.363298530522215,417.6365925894378,-93.52383424087158,3.5391681927596013,-89.15947978005946,3.0
1770929411.893266,0.6100000027050977,-2.331544396872974,-0.52,-0.3580448493095496,0.43014258386565835,3.5537531584064337,60.8046191147784,-62.32634538537499,417.7874074034639,-93.26284835664501,3.628960240949501,-89.1479608361854,3.0
1770929411.9372725,0.61,-2.72,-0.52,0.2600000000000001,0.43,3.6,61.800000000000004,-62.3,417.90000000000003,-93.08000000000001,3.7,-89.14,3.0
1770929411.98126,0.609999994048785,-2.991268993546123,-0.5200000000000001,0.5839208907032307,0.4296863154955516,3.631150458913254,62.40687498452454,-62.29166978180463,417.92992593460156,-93.04010398575136,3.7459911736148004,-89.1393009752069,3.0
1770929412.0252476,0.6099999913436873,-3.1586134855620385,-0.5200000000000001,0.6464101844572248,0.42954373162989323,3.65702693013645,62.772626240116516,-62.29495402605926,417.8647407533599,-93.1354037772545,3.7729568585912254,-89.14615495383632,3.0
1770929412.069235,0.6100000000000001,-3.25,-0.52,0.5200000000000001,0.43,3.6900000000000004,63.10000000000001,-62.300000000000004,417.7,-93.34,3.79,-89.16,3.0
1770929412.1132362,0.6100000216407818,-3.2897625823912025,-0.5200000000000001,0.27415972404212396,0.431140670925267,3.738914156140358,63.52954551081985,-62.2996519718889,417.443703672156,-93.62315722353048,3.806496742410826,-89.17998298577963,3.0
1770929412.157237,0.6100000319201531,-3.2877053645825787,-0.5200000000000001,-0.03389218481564523,0.4316824896147688,3.7985094914181388,63.95302407290373,-62.29754221409168,417.1536295830967,-93.93479579359635,3.8329160283893016,-89.20408601513607,3.0
1770929412.2012382,0.6099999999999999,-3.25,-0.52,-0.35,0.42999999999999994,3.86,64.2,-62.29999999999999,416.8999999999999,-94.22,3.8799999999999994,-89.22999999999999,3.0
1770929412.245254,0.6099999193880882,-3.192643639852033,-0.52,-0.6290783053902437,0.4257510008033806,3.9172669905993915,64.20827630552942,-62.30972233063979,416.72488900640434,-94.44467452753418,3.9546885234085623,-89.25558189648945,3.0
1770929412.28927,0.6099998809757007,-3.1709354264780205,-0.52,-0.8623229266761241,0.4237263099110318,3.9748610301169247,64.34861080160198,-62.31487711757404,416.5577779512906,-94.65800564095278,4.048712361184902,-89.27935283747136,3.0
1770929412.3332858,0.6099999999999999,-3.25,-0.52,-1.0499999999999998,0.43,4.04,65.1,-62.29999999999999,416.3,-94.92999999999999,4.15,-89.29999999999998,3.0
1770929412.3772686,0.6100003008068653,-3.478551747089554,-0.52,-1.1719205765552223,0.44585532586121057,4.117943807388001,66.76697889669208,-62.25775500184822,415.8974810429673,-95.2907372589254,4.2477121269178895,-89.31805979863296,3.0
1770929412.4212515,0.610000444177044,-3.8396640406164497,-0.52,-1.1260753677391164,0.45341227074110413,4.206120462188238,68.95623642439206,-62.213319685982505,415.4745178710002,-95.61058904999996,4.335938230574795,-89.34146559794145,3.0
1770929412.4652343,0.6099999999999999,-4.3,-0.52,-0.79,0.42999999999999994,4.3,71.1,-62.2,415.2,-95.71999999999998,4.409999999999999,-89.38,3.0
1770929412.5092475,0.6099988773844504,-4.823890112530488,-0.52,-0.10064679579627525,0.3611980661221475,4.395031853922675,72.77195625585033,-62.24073914344885,415.18518682172663,-95.51422828861604,4.467425931882847,-89.43995668675646,3.0
1770929412.5532608,0.6099983423161233,-5.366334336982101,-0.52,0.767365138373328,0.26558757008751505,4.486583047056048,74.11162868601492,-62.31702932368114,415.3108172313752,-95.14778630719549,4.5145717535529535,-89.51367365965173,3.0
1770929412.597274,0.61,-5.88,-0.52,1.5799999999999998,0.17,4.57,75.4,-62.4,415.4,-94.84,4.56,-89.58999999999999,3.0
1770929412.641269,0.6100041896553333,-6.329961876862563,-0.52,2.15413738936995,0.09268574298353285,4.641188036180555,76.85630719101772,-62.46817731324533,415.31362352197823,-94.76012736438824,4.609991552958127,-89.66396530619305,3.0
1770929412.685264,0.610006186558463,-6.730924537381064,-0.52,2.5103185179495004,0.017570782242170072,4.698288090328309,78.45280438710381,-62.52967413040408,415.0636946849803,-94.87715461010697,4.6617006811393145,-89.75532124493313,3.0
1770929412.729259,0.61,-7.11,-0.52,2.7200000000000006,-0.08,4.74,80.1,-62.6,414.7,-95.11000000000001,4.71,-89.89000000000001,3.0
1770929412.773597,0.6099843639942164,-7.48959571335259,-0.5199999999999999,2.847060201279438,-0.2160151121303521,4.767623408762513,81.72874090600476,-62.69025530727357,414.2677264977681,-95.3885955871644,4.751496745173532,-90.08270060698985,3.0
1770929412.8179348,0.6099769114500254,-7.873300846826971,-0.52,2.9250644935323717,-0.3717966249821201,4.792857184223309,83.3512278396439,-62.79390378433218,413.793663287963,-95.68692858571004,4.789736633000899,-90.30318950876395,3.0
1770929412.8622727,0.61,-8.26,-0.52,2.9799999999999995,-0.5199999999999999,4.829999999999999,85.0,-62.9,413.3,-95.99,4.83,-90.51,3.0
1770929412.9062705,0.6100583543678006,-8.647581195652995,-0.52,3.033918101808594,-0.6386252944621218,4.8909109213619875,86.6953958516299,-62.99672738358635,412.80435937583843,-96.28660139806529,4.8784659107921895,-90.67041745103285,3.0
1770929412.9502683,0.6100861676414356,-9.029946149385122,-0.5200000000000001,3.0931272116247164,-0.7270509489803547,4.977690580185861,88.40895092098728,-63.06878480634127,412.30609660761246,-96.5806866026085,4.944908342412646,-90.78673553482595,3.0
1770929412.994266,0.61,-9.4,-0.52,3.16,-0.79,5.090000000000001,90.1,-63.1,411.80000000000007,-96.88,5.039999999999999,-90.87,3.0
1770929413.038271,0.6097822185345808,-9.753783207739126,-0.52,3.2331933174121104,-0.8320763026137513,5.225769942826573,91.74152753932749,-63.0820944176403,411.28150266554496,-97.1909247465003,5.168713685731782,-90.93081477406406,3.0
1770929413.0822759,0.6096784179842322,-10.0998775185955,-0.5200000000000001,3.296500734042837,-0.8574069865038679,5.376010124662878,93.36111662455517,-63.03836439771014,410.7486169482541,-97.51439907793007,5.313222589941111,-90.97801650008049,3.0
1770929413.1262808,0.61,-10.45,-0.52,3.33,-0.87,5.53,95.00000000000001,-63.0,410.2,-97.85000000000001,5.45,-91.02,3.0
1770929413.1702957,0.6108127714938762,-10.814323010427534,-0.52,3.324049369283706,-0.8738102358236132,5.679342640665058,96.69404954661574,-62.98970976066728,409.63259292494484,-98.19710702334092,5.562234901836234,-91.06410123048873,3.0
1770929413.2143104,0.611200160421636,-11.19684007252917,-0.5200000000000001,3.3101291114631963,-0.872580364263433,5.824935587829298,98.45769369190322,-62.996276121336734,409.03647263640846,-98.55430967826388,5.6599790756006865,-91.1134206870744,3.0
1770929413.2583253,0.61,-11.6,-0.52,3.3300000000000005,-0.87,5.970000000000001,100.30000000000001,-63.00000000000001,408.40000000000003,-98.92,5.759999999999999,-91.17,3.0
1770929413.3023062,0.6069666954899141,-12.02448030610628,-0.52,3.4135721684160303,-0.8689790503880924,6.116859494513198,102.2193113112466,-62.98499246561653,407.71775526430537,-99.2899064193953,5.8760504106269815,-91.23426178546248,3.0
1770929413.346287,0.6055209403292239,-12.463873302398923,-0.5200000000000001,3.5433531904747486,-0.8693085934794376,6.264247524019933,104.171071570795,-62.950605191017026,407.009196209816,-99.6491029497552,6.0098240706191035,-91.30015260347385,3.0
1770929413.3902678,0.61,-12.91,-0.52,3.69,-0.87,6.41,106.1,-62.9,406.3,-99.98,6.159999999999999,-91.36,3.0
1770929413.4342887,0.6213204465464673,-13.358866876258446,-0.5199999999999999,3.8312915866818,-0.8702735626240172,6.553219381282148,107.98055706024965,-62.84069074723698,405.6037934252413,-100.27437841018897,6.323563455655837,-91.41070347951326,3.0
1770929413.4783099,0.6267160782614687,-13.823222273430684,-0.52,3.973495163674845,-0.870185261818817,6.698074316090968,109.90616817306494,-62.79759941089147,404.88600178358695,-100.5615007449375,6.490724641922898,-91.46745038051174,3.0
1770929413.5223308,0.61,-14.32,-0.52,4.129999999999999,-0.87,6.849999999999999,111.99999999999999,-62.8,404.09999999999997,-100.87999999999998,6.6499999999999995,-91.55,3.0
1770929413.566309,0.5610848516575496,-14.85931144811918,-0.5199999999999999,4.311261484856765,-0.8699266991158389,7.013596313691535,114.33623822553247,-62.867059360250366,403.2152191828777,-101.254802162071,6.795621692675596,-91.67144281500302,3.0
1770929413.6102872,0.4942814132915687,-15.423978344619071,-0.52,4.5159994881592,-0.8699503592452946,7.190121878282859,116.79314462583407,-62.97751568393559,402.2653151743547,-101.65600518160583,6.944684769096709,-91.81819402262737,3.0
1770929413.6542654,0.43,-15.99,-0.52,4.74,-0.87,7.379999999999999,119.2,-63.1,401.29999999999995,-102.04,7.12,-91.97,3.0
1770929413.6982677,0.3847105171937053,-16.537591034968514,-0.5199999999999999,4.974403214631877,-0.8700196409126273,7.585358326914665,121.43004559317596,-63.20588662657636,400.35755206547003,-102.37752405263814,7.337653477345483,-92.11056229751168,3.0
1770929413.7422702,0.3591212315352203,-17.06382731105599,-0.52,5.191766142947612,-0.8700133012000049,7.815141874481294,123.53236443470985,-63.27752303855132,399.43051529677183,-102.69670075086138,7.586832577986564,-92.23940315860843,3.0
1770929413.7862725,0.3499999999999999,-17.57,-0.52,5.359999999999999,-0.87,8.08,125.6,-63.3,398.5,-103.03999999999999,7.849999999999999,-92.36,3.0
1770929413.8302732,0.3526656721602224,-18.060694782377112,-0.5199999999999999,5.460755286245354,-0.8699947372336521,8.382007415686834,127.71024606843025,-63.26865339270343,397.5471651478347,-103.43769421996905,8.110060694238765,-92.47630799495023,3.0
1770929413.8742738,0.3566410679749579,-18.553675374119923,-0.52,5.530639643754057,-0.8699964359546863,8.68894025342159,129.8773976353265,-63.21979956926649,396.55336437929867,-103.87126588902274,8.351688622660737,-92.59419334293896,3.0
1770929413.9182744,0.35,-19.07,-0.52,5.62,-0.87,8.959999999999999,132.1,-63.199999999999996,395.5,-104.31,8.56,-92.72000000000001,3.0
1770929413.9622698,0.3249971645357756,-19.625555761448943,-0.5199999999999999,5.769242307053369,-0.8700014101527647,9.166982380708363,134.3771182812511,-63.241722024832136,394.3760095654133,-104.72799536378194,8.72617781977352,-92.85716868565034,3.0
1770929414.0062654,0.2906107928612447,-20.215545266538395,-0.52,5.979008615369495,-0.8700009549812501,9.3320600747953,136.709896875836,-63.3210564621605,393.2004716304782,-105.11860606341807,8.865672190629745,-92.99752717333946,3.0
1770929414.0502608,0.26,-20.83,-0.52,6.24,-0.8699999999999999,9.49,139.1,-63.39999999999999,391.99999999999994,-105.48,9.0,-93.13,3.0
1770929414.0943646,0.24401233636334235,-21.457082171827093,-0.5199999999999999,6.538201411467092,-0.8699996221552888,9.66932232073896,141.53683636212094,-63.44593998944949,390.79694473866,-105.81476876934762,9.148561360000487,-93.24686911430027,3.0
1770929414.1384687,0.24424909391339789,-22.07747689305982,-0.52,6.840733302175365,-0.8699997441203133,9.873560188137938,143.9607926391073,-63.4478264339434,389.5966009506407,-106.1431987461939,9.322289281486947,-93.35384611185135,3.0
1770929414.1825726,0.25999999999999995,-22.67,-0.52,7.11,-0.8699999999999999,10.099999999999998,146.3,-63.39999999999999,388.3999999999999,-106.48999999999998,9.529999999999998,-93.45999999999998,3.0
1770929414.2271376,0.2889534900108551,-23.220189625316735,-0.5199999999999999,7.316100195226403,-0.8700001012260794,10.349432040039488,148.50886960359836,-63.30414764699948,387.2028781466132,-106.87589252179048,9.777724888372672,-93.5746141164078,3.0
1770929414.2717023,0.3223928314851638,-23.740473087148235,-0.52,7.45991002778089,-0.8700000685374968,10.636662135615898,150.64693256773478,-63.19134150576962,385.9797912336257,-107.30563598884338,10.060355868607646,-93.70782911999586,3.0
1770929414.3162673,0.3499999999999999,-24.25,-0.52,7.549999999999999,-0.8699999999999999,10.98,152.79999999999998,-63.099999999999994,384.7,-107.77999999999999,10.37,-93.87,3.0
1770929414.3605945,0.3635070369265698,-24.765122289868927,-0.5199999999999999,7.597027437256921,-0.869999972940393,11.38924581539937,155.02768522348555,-63.05969164477474,383.34339452673873,-108.29610558793483,10.700168716138439,-94.06874849414253,3.0
1770929414.4049218,0.3628462468126127,-25.291001128717596,-0.52,7.619996957071443,-0.8699999817297001,11.840161639768828,157.2848104232868,-63.0645853207559,381.9323822630046,-108.83647952065483,11.049990947786165,-94.30076333409117,3.0
1770929414.449249,0.35,-25.83,-0.52,7.64,-0.87,12.299999999999997,159.5,-63.099999999999994,380.5,-109.38,11.42,-94.56,3.0
1770929414.4935987,0.3270183622828651,-26.382654548540874,-0.5200000000000001,7.675419685375541,-0.8700000070123484,12.743955068733392,161.62483394690378,-63.15338207019783,379.07169189457977,-109.90894438572937,11.809007654480974,-94.84039190702207,3.0
1770929414.5379486,0.2962221812643857,-26.94218906464803,-0.5200000000000004,7.733805847637047,-0.8700000045437035,13.178987601605078,163.70271462800682,-63.22068758157717,377.6425315662078,-110.41918666927803,12.20893959950695,-95.13578421030616,3.0
1770929414.5822983,0.26,-27.499999999999996,-0.52,7.82,-0.87,13.62,165.8,-63.3,376.19999999999993,-110.90999999999998,12.609999999999998,-95.43999999999998,3.0
1770929414.6266217,0.22175284727530342,-28.050926182634214,-0.5199999999999995,7.9375901175372094,-0.8699999990102136,14.074933909667044,167.96557158149182,-63.38603933369319,374.7328008579049,-111.38145020248093,13.001578443715434,-95.7456098036951,3.0
1770929414.6709454,0.1889316947965126,-28.60357594602361,-0.5199999999999992,8.085150022750746,-0.8700000000954861,14.523887953810851,170.1784051387601,-63.460071760342885,373.23452850920137,-111.83677380223303,13.369806209741581,-96.04017389875828,3.0
1770929414.7152689,0.16999999999999998,-29.17,-0.52,8.26,-0.8699999999999999,14.94,172.39999999999998,-63.49999999999999,371.7,-112.27999999999999,13.699999999999998,-96.31,3.0
1770929414.759269,0.16930358194925513,-29.7569740542556,-0.5200000000000021,8.46421984447562,-0.8699999969467969,15.309642625931756,174.59065750490666,-63.49505318762198,370.13784541454095,-112.70784739693936,13.98949338547208,-96.54790961893816,3.0
1770929414.8032691,0.17471770621623173,-30.350173817924205,-0.5200000000000032,8.718927394693301,-0.8699999950743522,15.672127249818175,176.70588703917505,-63.47976611779208,368.61194698957956,-113.08779219586387,14.28368741337856,-96.77277945392,3.0
1770929414.8472693,0.17,-30.93,-0.52,9.05,-0.8699999999999999,16.08,178.69999999999996,-63.49999999999999,367.19999999999993,-113.37999999999998,14.64,-97.01,3.0
1770929414.8912642,0.14436615826100965,-31.48451093367672,-0.519999999999992,9.46886383789364,-0.8700000132025986,16.57279188290222,180.55698358406653,-63.585599767670715,365.941743409857,-113.56716020976154,15.099336903285122,-97.28052949833001,3.0
1770929414.935259,0.10886414700522765,-32.032395448946254,-0.5199999999999882,9.929140398476044,-0.8700000196071048,17.13797341728681,182.37952818602108,-63.702345249970286,364.72509093988776,-113.72205741431148,15.636555247855283,-97.5875971744507,3.0
1770929414.979254,0.08,-32.599999999999994,-0.52,10.37,-0.8699999999999999,17.749999999999996,184.29999999999998,-63.8,363.4,-113.94,16.21,-97.92999999999999,3.0
1770929415.0232515,0.06989845167337345,-33.2049822110375,-0.52000000000003,10.74106554469055,-0.8699999502428085,18.389189842459356,186.40733408475288,-63.840325519472906,361.8581439089939,-114.29314139364406,16.786492334720762,-98.30700942477887,3.0
1770929415.0672488,0.07315903909619206,-33.830244386290794,-0.5200000000000442,11.033770270661776,-0.8699999264972282,19.059312414367902,188.61674095748137,-63.83307510454901,360.1580596212398,-114.76101518392731,17.366758261866966,-98.71979481124023,3.0
1770929415.1112463,0.08,-34.45,-0.5199999999999999,11.249999999999998,-0.8699999999999999,19.77,190.8,-63.8,358.4,-115.3,17.959999999999997,-99.16999999999999,3.0
1770929415.1552517,0.0827067017121634,-35.04852318513622,-0.5199999999998881,11.396873983344143,-0.8700001858261669,20.51748578429736,192.8729393361812,-63.76050556184504,356.6516068800932,-115.87249643788442,18.56173079486886,-99.65254391366561,3.0
1770929415.1992574,0.08183302994333759,-35.65033070959429,-0.5199999999998349,11.502445185543515,-0.8700002744039819,21.244406554871183,194.9275820581277,-63.72461359109297,354.8500779825609,-116.46499296109047,19.11270800097313,-100.13544580281062,3.0
1770929415.2432628,0.08,-36.28999999999999,-0.5199999999999999,11.599999999999998,-0.8699999999999999,21.88,197.1,-63.7,352.8999999999999,-117.07,19.539999999999996,-100.58,3.0
1770929415.2872612,0.07927474147797296,-36.99129541878797,-0.5200000000004172,11.720697781192122,-0.8699993064525235,22.371607761091905,199.48609375570751,-63.691726307221,350.73542857063296,-117.6790950770405,19.795103004322286,-100.95800010574378,3.0
1770929415.3312595,0.07950884113045767,-37.73472907162832,-0.5200000000006161,11.887189727904909,-0.8699989758868443,22.738987292073272,202.02107895815598,-63.694396457005105,348.4082951151835,-118.28012408282196,19.927224549055314,-101.28323679233209,3.0
1770929415.375258,0.07999999999999999,-38.489999999999995,-0.5199999999999999,12.12,-0.8699999999999999,23.019999999999996,204.6,-63.7,346.0,-118.86,20.01,-101.58,3.0
1770929415.4192634,0.0801943323759447,-39.232961806378526,-0.5199999999984428,12.42737192892439,-0.8700025883637382,23.249416504668318,207.13453749284042,-63.70221883890059,343.58075291144866,-119.41001214284245,20.103042373027158,-101.86915936706292,3.0
1770929415.4632685,0.08013160553483178,-39.96408633722573,-0.5199999999977007,12.768425532466479,-0.8700038220486414,23.449644276835723,209.6029169240631,-63.70150428459038,341.17600081596464,-119.93895515206614,20.209875284287097,-102.15790332415735,2.0
1770929415.507274,0.08,-40.69,-0.52,13.09,-0.87,23.639999999999997,211.99999999999997,-63.699999999999996,338.79999999999995,-120.46,20.32,-102.45,2.0
1770929415.5512738,0.07994792901824821,-41.416857355697886,-0.5200000000058115,13.353147836443629,-0.869990340092523,23.83961510912369,214.33131182848615,-63.69939833717662,336.4489671909796,-120.98826375899706,20.42643120727279,-102.75128835193043,2.0
1770929415.595274,0.07996473673021527,-42.14892557946874,-0.5200000000085814,13.575774808895831,-0.8699857359185906,24.066880045028284,216.64503112336934,-63.699586404633415,334.04696088021757,-121.54664790150613,20.536237276759273,-103.07589065177929,3.0
1770929415.639274,0.08,-42.89,-0.5199999999999999,13.79,-0.8699999999999999,24.34,218.99999999999997,-63.699999999999996,331.5,-122.15999999999998,20.659999999999997,-103.44,3.0
1770929415.6832707,0.08001395155106245,-43.64590506712617,-0.5199999999783114,14.020407095671446,-0.8700360512661692,24.669160095873952,221.4439188969184,-63.7001878123929,328.73819313944756,-122.84285874709518,20.803455020103918,-103.8527242622524,3.0
1770929415.7272673,0.08000944754430722,-44.4305817152697,-0.5199999999679741,14.26143819491315,-0.8700532342769964,25.032465172680773,223.9799215454226,-63.700150096875994,325.7880075150173,-123.5685273159834,20.952953386453597,-104.29483036502181,3.0
1770929415.771264,0.08,-45.25999999999999,-0.5199999999999999,14.5,-0.8699999999999999,25.400000000000002,226.6,-63.7,322.7,-124.3,21.09,-104.73999999999998,3.0
1770929415.8152642,0.07999626477750198,-46.142855709130714,-0.5200000000809429,14.734483040129835,-0.8698654548427998,25.74041117404717,229.2781977690253,-63.69985041325178,319.535297288267,-124.99770866002952,21.196415378978205,-105.15929608054145,3.0
1770929415.8592646,0.07999747309255593,-47.05874755945244,-0.5200000001195226,15.009213152192304,-0.8698013269734236,26.016592597581948,231.91676417642185,-63.699813207862654,316.39730535600984,-125.61183542715288,21.25528251075968,-105.51330640665195,3.0
1770929415.9032648,0.08,-47.98,-0.5199999999999999,15.379999999999999,-0.8699999999999999,26.189999999999998,234.4,-63.7,313.4,-126.08999999999999,21.249999999999996,-105.75999999999999,3.0
1770929415.9472625,0.0800009893389296,-48.883412837091655,-0.5199999996979167,15.884253336401793,-0.8705021293626309,26.242898911641063,236.64699373068402,-63.70041053459998,310.6206177074843,-126.4033436498237,21.177550130649927,-105.87898030447064,3.0
1770929415.99126,0.08000066008546908,-49.76368730617974,-0.5199999995539356,16.485783270391703,-0.8707414578293091,26.24079406662107,238.71598471185308,-63.70059707167345,307.98943772761015,-126.61709393836809,21.089249903841015,-105.93638845281484,2.0
1770929416.0352578,0.07999999999999999,-50.62,-0.52,17.13,-0.87,26.269999999999996,240.7,-63.7,305.4,-126.82,21.049999999999997,-106.02,2.0
1770929416.0792713,0.0799997778667796,-51.44978923879888,-0.5200000011273906,17.763318429077767,-0.8681260277066764,26.397622809018188,242.67086434527553,-63.698507448348344,302.76741706698084,-127.08743525919415,21.10560632064431,-106.19922714602039,2.0
1770929416.1232846,0.07999988656556777,-52.2435402528656,-0.5200000016647355,18.336172284759385,-0.8672328417093401,26.613934839637466,244.61559327246215,-63.6977985054436,300.0930918816978,-127.44127030085633,21.22549565165405,-106.47002867097758,2.0
1770929416.167298,0.08,-52.99,-0.52,18.8,-0.87,26.889999999999997,246.49999999999997,-63.699999999999996,297.4,-127.89,21.36,-106.80999999999999,2.0
1770929416.21129,0.079999899193952,-53.68446724474982,-0.5199999957925215,19.1198803546945,-0.8769937598106637,27.196239481915775,248.29917851784325,-63.705559672006686,294.7023066171849,-128.4361745726589,21.46743199418024,-107.19559259292923,2.0
1770929416.2552817,0.07999979365225991,-54.34844797865417,-0.5199999937871232,19.31545351649667,-0.8803271753333313,27.500503611866083,250.025345902002,-63.70820890655221,291.97893548633976,-129.0585655989474,21.538026748802054,-107.59868204845995,2.0
1770929416.2992735,0.07999999999999999,-55.01,-0.52,19.42,-0.87,27.769999999999996,251.7,-63.699999999999996,289.2,-129.73,21.569999999999997,-107.99,2.0
1770929416.3432684,0.08000062535741242,-55.6890084488685,-0.5200000157025237,19.466419411403475,-0.843898933050669,27.981493337392738,253.3398289907587,-63.67925386362492,286.3529860939095,-130.4223108946146,21.560221258190268,-108.34951359337374,2.0
1770929416.3872633,0.08000093882539265,-56.372667832517735,-0.5200000231867722,19.486087723328012,-0.8314584569573357,28.149976638824104,254.94228237878917,-63.66936586834758,283.49486987664704,-131.10335619224293,21.500175130915515,-108.6941320240715,2.0
1770929416.4312582,0.07999999999999999,-57.03999999999999,-0.52,19.509999999999998,-0.8699999999999999,28.299999999999997,256.5,-63.7,280.7,-131.74,21.379999999999995,-109.04999999999998,2.0
1770929416.4752607,0.07999759937639835,-57.67542488570208,-0.5199999413973839,19.560367925617523,-0.9807438413199934,28.450750131476198,258.00817218578857,-63.78853598460475,278.0153786368069,-132.3127299970308,21.19909038046609,-109.43487155209426,2.0
1770929416.5192633,0.07999645104616955,-58.284954765348935,-0.5199999134657884,19.62426966426537,-1.1205056635039925,28.59996020320787,259.47219124950794,-63.90321650894639,275.3786220441093,-132.85652815059944,20.993865320128485,-109.83293800340222,2.0
1770929416.5632658,0.07999999999999999,-58.879999999999995,-0.52,19.679999999999996,-1.23,28.739999999999995,260.8999999999999,-63.99999999999999,272.7,-133.41999999999996,20.809999999999995,-110.22,2.0
1770929416.6072707,0.0800089771369942,-59.47003274906387,-0.5200002187079409,19.709516293533834,-1.2694219979656463,28.868469099665397,262.29785263645726,-64.04808367943757,269.91512898849294,-134.0393617098548,20.679713516241684,-110.5810001982492,2.0
1770929416.6512759,0.08001325698992916,-60.056772365345765,-0.5200003229500745,19.70942621220311,-1.276889259397062,29.00388625204812,263.66524891947523,-64.06961994771872,267.0610123172864,-134.7012719461,20.581400625607586,-110.937449295653,2.0
1770929416.6952808,0.07999999999999999,-60.64,-0.5199999999999999,19.68,-1.3099999999999998,29.169999999999998,264.99999999999994,-64.1,264.19999999999993,-135.37999999999997,20.48,-111.32,2.0
1770929416.7392838,0.07996649207562487,-61.22407374767202,-0.5199991837708527,19.624900233580465,-1.4086052038544539,29.38611421060293,266.30782467578956,-64.16357374208943,261.3611424462587,-136.05908242280907,20.35131481382644,-111.75409061787195,2.0
1770929416.783287,0.07995052099411384,-61.831659476971716,-0.5199987947339137,19.561358820255528,-1.541566928537388,29.65375404785892,267.62607233185025,-64.24052592240096,258.44029164970834,-136.75912480574118,20.214606251515256,-112.24430185102291,2.0
1770929416.82729,0.08000000000000002,-62.49,-0.52,19.509999999999998,-1.66,29.97,269.0,-64.29999999999998,255.3,-137.50999999999996,20.1,-112.78999999999999,2.0
1770929416.8712838,0.08012505456050638,-63.21626485284059,-0.5200030462086482,19.486808698070252,-1.7265275569869003,30.329296280145087,270.45603384556944,-64.3198435744269,251.85141233758358,-138.32986415446425,20.02799019141553,-113.38485955248522,2.0
1770929416.9152772,0.08018465903361555,-63.98733046750814,-0.520004498114271,19.489212580848868,-1.7498059894163456,30.715542000960646,271.9452765679386,-64.31272080712186,248.20004330610277,-139.19000660871296,19.980544738701788,-113.99978774469986,3.0
1770929416.959271,0.07999999999999999,-64.77,-0.52,19.51,-1.7499999999999998,31.109999999999996,273.3999999999999,-64.29999999999998,244.5,-140.05,19.93,-114.6,3.0
1770929417.0032673,0.07953328968234968,-65.53864461874336,-0.5199886313945548,19.54453164080522,-1.7449141978275708,31.491145113261133,274.7680399419326,-64.29779270094369,240.87394894414808,-140.87294244081525,19.852279976067017,-115.15239709811307,3.0
1770929417.0472634,0.07931084287142405,-66.29790754188464,-0.519983212809003,19.598457523015693,-1.7429128175009323,31.826300170520707,276.05948806306196,-64.30118344170418,237.3187943851402,-141.63603394459216,19.737659238122067,-115.63062124425174,3.0
1770929417.0912597,0.07999999999999999,-67.05999999999999,-0.52,19.68,-1.75,32.07999999999999,277.3,-64.3,233.79999999999998,-142.32,19.58,-116.01,3.0
1770929417.1352656,0.08174178671009491,-67.83174926477852,-0.5200424282131334,19.79543510907925,-1.7671489850361495,32.232789933477015,278.50513972003336,-64.28898562179836,230.30094003397267,-142.9157734896821,19.3806676820942,-116.28221872172917,3.0
1770929417.1792717,0.08257196948068829,-68.59844677236072,-0.5200626506497178,19.943253623384663,-1.775209407246593,32.32925731695652,279.65010451314686,-64.2825454260614,226.8766310051886,-143.45511687217768,19.17104053103218,-116.50439394495984,3.0
1770929417.2232776,0.08,-69.34,-0.5199999999999999,20.12,-1.75,32.43,280.69999999999993,-64.3,223.59999999999997,-143.97999999999996,18.989999999999995,-116.75,3.0
1770929417.2672725,0.0734995634772707,-70.04176572954997,-0.5198416557529121,20.317061256211115,-1.6864898620278315,32.5802877454234,281.6336234001562,-64.35367221927028,220.51488351255423,-144.52063026712298,18.857641888148784,-117.07354282978514,3.0
1770929417.3112674,0.07040127920582281,-70.71089796126509,-0.5197661845921263,20.505194650112315,-1.6562495535126969,32.764077969060615,282.484538328795,-64.42789411330946,217.54875566817964,-145.06016523336373,18.718919378489954,-117.45365482776079,3.0
1770929417.3552623,0.08,-71.36,-0.52,20.649999999999995,-1.7499999999999998,32.949999999999996,283.29999999999995,-64.49999999999999,214.59999999999997,-145.57,18.5,-117.85,3.0
1770929417.3992765,0.10759329271415556,-71.99785448368827,-0.5205909487752184,20.732986532742945,-2.019484159445116,33.11050352927382,284.1122185311937,-64.55188105667605,211.609896286181,-146.02540914552958,18.15728328382918,-118.22360995913031,3.0
1770929417.4432905,0.14248958036268689,-72.61796138257895,-0.5208726109817774,20.799301109499407,-2.3605331194433585,33.233319695689914,284.89322365315456,-64.58365589847851,208.6913092850559,-146.41718515733032,17.76809676982282,-118.54098674399707,3.0
1770929417.4873047,0.16999999999999998,-73.20999999999998,-0.52,20.91,-2.63,33.31,285.59999999999997,-64.59999999999998,205.99999999999997,-146.73999999999998,17.44,-118.76999999999998,3.0
1770929417.5312984,0.17946059899943861,-73.76644596532651,-0.5177945491462144,21.110622242446723,-2.7237216483398345,33.336957396740566,286.2026876602541,-64.60547022069218,203.64182763901823,-146.9936590766846,17.25100275431229,-118.8916469633232,3.0
1770929417.575292,0.1763070660100955,-74.29096021212274,-0.5167433714807647,21.384637948927097,-2.6934698205657144,33.330050655587144,286.7240485400682,-64.60414895944314,201.5230442286339,-147.1985015447224,17.160915764441018,-118.939435233288,3.0
1770929417.6192858,0.17,-74.79,-0.52,21.7,-2.63,33.309999999999995,287.19999999999993,-64.59999999999998,199.49999999999997,-147.37999999999997,17.099999999999998,-118.95999999999998,3.0
1770929417.6632895,0.16789764462142287,-75.27006535870929,-0.5282308546399245,22.028228201173846,-2.604888506454801,33.29500021709725,287.6585123092711,-64.59660843092557,197.47094130589443,-147.5573619551395,17.01500199521799,-118.9916540394287,3.0
1770929417.7072933,0.1689488222635979,-75.73782739855972,-0.5321539030951642,22.355110057755173,-2.6129950057011935,33.2931443486282,288.0957673717578,-64.59604456004523,195.5016989855939,-147.72473458970595,16.918610542783497,-119.03942047099909,3.0
1770929417.751297,0.17,-76.19999999999999,-0.52,22.669999999999998,-2.6299999999999994,33.31,288.49999999999994,-64.59999999999998,193.69999999999996,-147.86999999999998,16.839999999999996,-119.09999999999998,3.0
1770929417.7952907,0.16894882251487012,-76.65921852576227,-0.4859486989607547,22.95979828619119,-2.6367243258409627,33.34933803116675,288.8632631026613,-64.60809605560551,192.12996269295974,-147.99059680646107,16.79787815370466,-119.171736878962,3.0
1770929417.8392842,0.16789764493551312,-77.10180426771248,-0.4479743494719122,23.20158848671888,-2.6345501566295115,33.40774232027044,289.19288197290047,-64.61167280037594,190.6812709401017,-148.1221897260834,16.769086508869435,-119.25954954938234,3.0
1770929417.883278,0.17,-77.50999999999999,-0.43,23.369999999999997,-2.6299999999999994,33.47999999999999,289.49999999999994,-64.59999999999998,189.2,-148.30999999999997,16.719999999999995,-119.36999999999999,3.0
1770929417.927279,0.1763070653190968,-77.87083831601942,-0.4479743495170586,23.449986061468778,-2.6282141901813487,33.56172173230981,289.79213898378725,-64.5710073466523,187.57587458893343,-148.5839545227199,16.62681872329672,-119.50769474101963,3.0
1770929417.9712799,0.17946059799434988,-78.19051108614595,-0.4859486990171877,23.46779525462857,-2.6288043677807584,33.65181229621599,290.06233436626985,-64.55726423845097,185.87321725399934,-148.91280280225666,16.50504342173876,-119.66941836850862,3.0
1770929418.015281,0.17,-78.48,-0.5199999999999999,23.459999999999997,-2.63,33.74999999999999,290.3,-64.6,184.2,-149.24999999999997,16.379999999999995,-119.84999999999998,3.0
1770929418.0592892,0.1424895828754096,-78.753354136086,-0.5321539029710096,23.45618339385962,-2.630418913433643,33.85636763218654,290.50151429552284,-64.72268937260007,182.62209450686228,-149.56247399154825,16.270772879034404,-120.04600267547798,3.0
1770929418.1032972,0.10759329642042124,-79.03689212844448,-0.5282308544593364,23.4579712355076,-2.630232372247454,33.97241590227302,290.6911138953535,-64.87778876433867,181.03697115501208,-149.8710435093344,16.17148054491627,-120.26092512473133,3.0
1770929418.1473055,0.08,-79.35999999999999,-0.52,23.459999999999997,-2.6299999999999994,34.099999999999994,290.9,-64.99999999999999,179.3,-150.21,16.07,-120.5,3.0
1770929418.1913013,0.07040126984593335,-79.74204143593286,-0.5167433719322355,23.458613696426067,-2.630110156084079,34.23984477598104,291.1499519822697,-65.0419388666511,177.3135251613954,-150.60207543701304,15.956386056861973,-120.76347974225365,3.0
1770929418.235297,0.0734995496572995,-80.16229077044649,-0.5177945498121337,23.456986470007717,-2.630266143229425,34.38815372432157,291.42506190416805,-65.02787700049059,175.16778701484142,-151.02376390114657,15.829404768966528,-121.0316959473809,3.0
1770929418.2792928,0.07999999999999999,-80.58999999999999,-0.5199999999999999,23.46,-2.63,34.54,291.69999999999993,-64.99999999999999,172.99999999999997,-151.44,15.689999999999998,-121.28,3.0
1770929418.3232872,0.08257200440752419,-81.00218382388621,-0.5208726093000488,23.469361820436106,-2.6291404622300387,34.69091993055597,291.95423333095397,-64.99103664227704,170.90899003274157,-151.82700203817743,15.53923844907327,-121.49230057772964,3.0
1770929418.3672817,0.08174183828371417,-81.40690775273252,-0.5205909462921293,23.47408288446156,-2.628703054834847,34.83830253377404,292.1864162657521,-64.99588841888415,168.84002893377053,-152.20612310830165,15.378678156995402,-121.68673553018958,3.0
1770929418.411276,0.07999999999999999,-81.81999999999998,-0.52,23.46,-2.63,34.97999999999999,292.4,-65.0,166.70000000000002,-152.61,15.21,-121.89,3.0
1770929418.4552748,0.07931071252396986,-82.24922326852224,-0.5197661908675698,23.414309392199897,-2.633327994995766,35.1161051314247,292.59607765687736,-64.99391456424078,164.43569989282378,-153.0617682621291,15.033697183881994,-122.12472535423525,3.0
1770929418.4992738,0.07953309720784382,-82.67007821862337,-0.5198416650193494,23.329644955109025,-2.6349216374311872,35.2556731776193,292.76631006986054,-64.98856932397283,162.1535787315581,-153.54655848046178,14.84551223268151,-122.39728785778671,3.0
1770929418.5432725,0.07999999999999999,-83.04999999999998,-0.5199999999999999,23.199999999999996,-2.63,35.41,292.8999999999999,-65.0,160.0,-154.04000000000002,14.639999999999999,-122.70999999999998,3.0
1770929418.5872846,0.08018514549659639,-83.37129347239511,-0.5200626272296721,23.023030240393954,-2.62088089112023,35.58873361781927,292.9910856711662,-65.04071250816726,158.05561780337095,-154.52444343182472,14.41041725984322,-123.06176096829232,3.0
1770929418.6312966,0.08012577288491056,-83.67574233573694,-0.5200423936304733,22.811040998806057,-2.6382770621070697,35.79493068167467,293.0520471585094,-65.10909354448383,156.13824873258983,-155.0091244513328,14.14482846783413,-123.43781674236726,3.0
1770929418.6753087,0.07999999999999999,-84.02,-0.5199999999999999,22.579999999999995,-2.72,36.029999999999994,293.1,-65.19999999999999,154.0,-155.51,13.829999999999998,-123.82,3.0
1770929418.7193186,0.07994870548964463,-84.43486210115653,-0.5199833002137415,22.34394001659467,-2.886111403486273,36.2852566935945,293.14698706586535,-65.30619836605317,151.51590296776666,-156.03268023279415,13.462041184152563,-124.18600855037322,3.0
1770929418.7633288,0.07996381125251399,-84.84769317916961,-0.5199887604587574,22.109154012629713,-3.0856738178442367,36.511641132719056,293.18476055536104,-65.41209353512893,149.052685597342,-156.54138815865147,13.074433155241257,-124.49700072829977,3.0
1770929418.8073387,0.08,-85.15999999999998,-0.5199999999999999,21.88,-3.25,36.65,293.19999999999993,-65.49999999999999,147.09999999999997,-156.98999999999998,12.71,-124.71,3.0
1770929418.8513212,0.08002003254482512,-85.31036923408988,-0.520004171915362,21.654172656190354,-3.3283771986383712,36.67023960780274,293.1839290283355,-65.5567162498423,145.96225180704403,-157.35298378514673,12.401788373916945,-124.80901964502961,3.0
1770929418.895304,0.08001898210503355,-85.38570716980688,-0.5200025645344972,21.402713321045464,-3.341990629478943,36.658504787449104,293.1459476570834,-65.58697675944488,145.20286072989424,-157.68717476591326,12.143735207497166,-124.88603219628553,3.0
1770929418.9392865,0.07999999999999999,-85.51,-0.52,21.089999999999996,-3.3299999999999996,36.72999999999999,293.1,-65.59999999999998,144.2,-158.07,11.92,-125.06,3.0
1770929418.9832883,0.07997116433105494,-85.76921651803954,-0.520000012124811,20.702702691977276,-3.324083505663941,36.96008117149082,293.0580375615333,-65.60397367161463,142.5313861003536,-158.54871795995234,11.717471986846355,-125.40494990654541,3.0
1770929419.02729,0.07996026032735186,-86.09725591938073,-0.5200009814032542,20.316659369855113,-3.3259932938696193,37.26471008785489,293.02404140889786,-65.6029623900545,140.57290852011823,-159.0499127776956,11.53395934810343,-125.81516678285449,3.0
1770929419.071292,0.07999999999999999,-86.38999999999999,-0.52,20.029999999999998,-3.33,37.52,292.99999999999994,-65.6,138.89999999999998,-159.47,11.37,-126.13999999999999,3.0
1770929419.11529,0.08009531013095515,-86.57017210115937,-0.5199957795853947,19.901312872196883,-3.33158507500216,37.63721348401175,292.98392072553133,-65.5977594340695,137.9085000878381,-159.7425147454143,11.221657012030983,-126.27599554360356,3.0
1770929419.1592877,0.08013997658555908,-86.66786174526285,-0.5199935098524866,19.831019569904484,-3.3310732320796177,37.6682104166869,292.9578867073251,-65.5974699766334,137.2758755600034,-159.94947041960074,11.067094066755795,-126.30848585748177,3.0
1770929419.2032857,0.08,-86.73999999999997,-0.52,19.679999999999996,-3.3299999999999996,37.7,292.8999999999999,-65.6,136.49999999999997,-160.20999999999998,10.88,-126.36999999999999,3.0
1770929419.247286,0.0796475951451245,-86.83639137361925,-0.5200168695336108,19.359823597013,-3.329576194327417,37.79995378135108,292.79887212893397,-65.6049885921073,135.21979873347942,-160.60418602135343,10.647011076140844,-126.5569938449663,3.0
1770929419.2912862,0.07947983333041193,-86.97833413660489,-0.5200249791868,18.984817906082522,-3.32971377781191,37.95689268984198,292.68515250254245,-65.60715770341189,133.6384040546831,-161.05590924760517,10.40655327376229,-126.82163052795923,3.0
1770929419.3352866,0.08,-87.17999999999999,-0.52,18.72,-3.3299999999999996,38.14,292.59999999999997,-65.6,132.1,-161.44999999999996,10.209999999999999,-127.07999999999998,3.0
1770929419.3793008,0.08131430928854692,-87.44092907103025,-0.5199367422801624,18.674207554565953,-3.3301101476881696,38.320008427620984,292.568738906881,-65.5822861975013,130.87526794120734,-161.70629672472748,10.089928313035287,-127.26825129875348,3.0
1770929419.4233148,0.08194069009279324,-87.70213504165099,-0.5199065734003139,18.73156065761729,-3.330071656672742,38.47384845357483,292.5533551343571,-65.57389920971907,129.94087859163471,-161.8846703677563,10.00372987523209,-127.40276980845914,3.0
1770929419.467329,0.07999999999999999,-87.89,-0.52,18.72,-3.33,38.58,292.5,-65.6,129.2,-162.07999999999998,9.89,-127.52,3.0
1770929419.511331,0.07509516770068785,-87.95359604596347,-0.5202361613457399,18.502235073612074,-3.3299832149199036,38.630012508165,292.3706166879868,-65.66586661788752,128.55320357576545,-162.3695159686256,9.699942338384682,-127.6500009600198,3.0
1770929419.5553334,0.07275740629841511,-87.93275532642086,-0.520348727211945,18.080050574559433,-3.329999595497122,38.66771349585869,292.1903158489181,-65.69724545771186,127.89067417137073,-162.75985372581408,9.435193891976027,-127.79729023820433,3.0
1770929419.5993354,0.08,-87.89,-0.52,17.49,-3.33,38.74999999999999,291.99999999999994,-65.6,127.1,-163.24,9.109999999999998,-127.96,3.0
1770929419.6433218,0.10163835324203489,-87.87431637474556,-0.5191186123368784,16.786111410245045,-3.3299569926322166,38.913274873052345,291.8339795263569,-65.32091399761535,126.12673257054578,-163.7837875489184,8.746969000092667,-128.13248560190814,3.0
1770929419.6873078,0.13369635138021277,-87.88054735636933,-0.5186985177519067,16.09231111821908,-3.329929961338772,39.11196422965707,291.7001962847855,-64.97045229276686,125.14827657473425,-164.30443324750598,8.402161223530477,-128.29399516464957,3.0
1770929419.7312942,0.17,-87.88999999999999,-0.5199999999999999,15.55,-3.3299999999999996,39.279999999999994,291.6,-64.69999999999999,124.4,-164.7,8.14,-128.42,3.0
1770929419.7752924,0.2050180859978373,-87.88913845505435,-0.5232893893067467,15.252208174296694,-3.330188814551233,39.37059170332933,291.53050224362255,-64.61714405831783,124.03616243834777,-164.906444946812,8.001070550133564,-128.49746403975504,3.0
1770929419.8192906,0.23579052151406607,-87.88505524810182,-0.5248572017804287,15.098482730342056,-3.330280559147793,39.41405921514268,291.47186197490333,-64.65427870455406,123.8865899000627,-165.01130217305092,7.930605658346522,-128.55932169578998,3.0
1770929419.8632889,0.26,-87.88999999999999,-0.52,14.94,-3.33,39.46,291.4,-64.69999999999999,123.69999999999999,-165.14,7.85,-128.65,3.0
1770929419.907288,0.27828930276661346,-87.90912980503703,-0.5077238304361346,14.656167003679323,-3.329287749162854,39.546950906222925,291.295863351005,-64.65865791726146,123.27306212050759,-165.39228451568542,7.694304354928651,-128.79876935018282,3.0
1770929419.9512875,0.3031415625635219,-87.91923165122334,-0.501872675126379,14.239313515968275,-3.3289478020700596,39.66920631717965,291.16050396374953,-64.49761807420211,122.5942527139039,-165.76517287510518,7.453193920861222,-128.97427360774608,3.0
1770929419.9952867,0.35000000000000003,-87.88999999999999,-0.5199999999999999,13.709999999999999,-3.33,39.809999999999995,290.99999999999994,-64.2,121.69999999999999,-166.23,7.13,-129.13,3.0
1770929420.0392952,0.42478766589866923,-87.82063862109386,-0.5658152889487152,13.11275344061568,-3.332660188797354,39.951975042149336,290.82308138939476,-63.78526130967336,120.61232982036265,-166.7455281015573,6.743563882003709,-129.2322733743286,3.0
1770929420.0833037,0.49534693193554874,-87.82838851737515,-0.5876520977140555,12.587966909488571,-3.333928232571972,40.07541181243504,290.6490851330615,-63.418211961600534,119.29565850358102,-167.22022854875067,6.374766806356755,-129.29876905841095,3.0
1770929420.1273122,0.52,-88.06,-0.5199999999999999,12.299999999999999,-3.33,40.16,290.5,-63.3,117.69999999999999,-167.55,6.12,-129.36,3.0
1770929420.1713698,0.47033781141648384,-88.60090830318018,-0.32975575450974626,12.370597011635775,-3.3200714956477326,40.192185962216755,290.3932925728975,-63.566963510711815,115.84058156100491,-167.6600475225297,6.0469956726120975,-129.43880381916955,3.0
1770929420.2154276,0.37102626524984056,-89.29128835335013,-0.11344485994333076,12.751041068299674,-3.3153392676420546,40.18544272937649,290.3283406891898,-64.09620074606245,113.99348364214254,-167.59280181878114,6.108849964822882,-129.52731682527684,3.0
1770929420.2594852,0.26,-89.90999999999998,5.905399417351076e-18,13.35,-3.3299999999999996,40.16,290.3,-64.7,112.49999999999999,-167.42,6.2299999999999995,-129.61,3.0
1770929420.3037555,0.16941664399095593,-90.28758001803727,-0.07627280412342094,14.063377031359723,-3.37038716194505,40.135577405279925,290.3037483190154,-65.20984761044234,111.61052912080308,-167.20946699350907,6.348453427547908,-129.67436320084514,3.0
1770929420.3480256,0.1083257848428808,-90.46127288403912,-0.26079068473485956,14.736016965460824,-3.4113813635264774,40.12985430709606,290.3375521101795,-65.53402209118667,111.21188840933064,-167.01337899093963,6.456500001018377,-129.72011178862994,3.0
1770929420.3922958,0.08,-90.52,-0.42999999999999994,15.199999999999998,-3.4199999999999995,40.15999999999999,290.4,-65.6,111.09999999999998,-166.88,6.559999999999999,-129.75,3.0
1770929420.4366446,0.08903264965673469,-90.53877162467069,-0.4907085845521198,15.34774671477714,-3.3817131899053976,40.23513404629316,290.491714151041,-65.36401641788919,111.10989454837545,-166.8343067256563,6.660672098677743,-129.76485448856113,3.0
1770929420.480993,0.14530022500827205,-90.53695344382676,-0.4711701788949928,15.313039218005114,-3.3558019449186998,40.332177079276306,290.6214508700923,-64.89734051882049,111.23303679460912,-166.8081266619049,6.7436685496221145,-129.75779157575914,3.0
1770929420.5253417,0.26,-90.51999999999998,-0.42999999999999994,15.29,-3.4199999999999995,40.42,290.8,-64.3,111.49999999999999,-166.70999999999998,6.789999999999999,-129.71999999999997,3.0
1770929420.569344,0.4274157203450652,-90.4965927425392,-0.4134854502606895,15.426747220642818,-3.6090563747296547,40.47462715028816,291.0219876694133,-63.689642273556515,111.90174453754693,-166.4858986964585,6.79885817774111,-129.64992254861414,3.0
1770929420.6133463,0.5741770188277238,-90.48832074806127,-0.418602673759242,15.68738171807427,-3.7857812271690916,40.50069663505799,291.2173851501923,-63.25439361130924,112.27077922704774,-166.23152176884827,6.8421591338264856,-129.57501820462988,3.0
1770929420.6573486,0.61,-90.51999999999998,-0.43,15.989999999999998,-3.77,40.50999999999999,291.3,-63.199999999999996,112.4,-166.08,7.01,-129.52999999999997,3.0
1770929420.7016666,0.4790822467407748,-90.61448703480207,-0.4353496144051221,16.27600514339232,-3.457246496361166,40.51265364885048,291.21663146760244,-63.64778485825515,112.13127544958496,-166.11357996999135,7.347969264431882,-129.54027013179712,3.0
1770929420.7459848,0.2635472552363806,-90.78680060096522,-0.43441912606803945,16.580026502290373,-3.0458879612197496,40.51207341752879,291.046045566176,-64.38138133223892,111.50236481571847,-166.21097144788735,7.723620840997851,-129.5939874575732,3.0
1770929420.7903028,0.08,-91.05,-0.43,16.959999999999997,-2.81,40.51,290.8999999999999,-65.09999999999998,110.59999999999998,-166.20000000000002,7.959999999999999,-129.67,3.0
1770929420.8346329,0.015144181580733182,-91.40175541454882,-0.4221531291558593,17.45849146504714,-2.944920602788663,40.504758254309884,290.8670420157327,-65.57107014527467,109.55463514559477,-165.95052216431705,7.940375875642452,-129.74603396123445,3.0
1770929420.878963,0.03607840467121922,-91.77818055178156,-0.40001711826489783,18.056586346838266,-3.3310372983223075,40.48100969482686,290.9428770295483,-65.83489587454984,108.67161336193038,-165.5005183655285,7.788913057737631,-129.79532826137367,3.0
1770929420.923293,0.08,-92.1,-0.35,18.72,-3.7699999999999996,40.42,291.09999999999997,-65.99999999999999,108.3,-164.93,7.6899999999999995,-129.79,3.0
1770929420.9672937,0.09737806397333286,-92.30700982552116,-0.2652971282307023,19.39743640382649,-4.096034055447129,40.31535037094703,291.30408935835567,-66.14941604212757,108.6464802643323,-164.3306276690369,7.776453158924232,-129.71707550474667,3.0
1770929421.0112944,0.09176875570837396,-92.41529200672335,-0.16625314161311694,19.969554036282403,-4.273666549194681,40.21018409946009,291.49355742674186,-66.26422035474685,109.3482187735972,-163.84065879370257,7.974801002125707,-129.62321801545068,3.0
1770929421.055295,0.08,-92.45999999999998,-0.08,20.3,-4.3,40.15999999999999,291.6,-66.29999999999998,109.9,-163.60999999999999,8.16,-129.56999999999996,3.0
1770929421.0993044,0.0753435625259354,-92.47242750558867,-0.02739909866207858,20.303614771498715,-4.1876098420894685,40.202729150790915,291.5795635138079,-66.23126568621498,109.93351787115013,-163.72770790027622,8.237885562734688,-129.60121957533445,3.0
1770929421.143314,0.07684657249528502,-92.46842919910284,-0.00422957454190611,20.10001232284688,-4.010963171565616,40.306031685110554,291.4865969671882,-66.10822270646275,109.62810413627348,-164.039439052254,8.237808859685455,-129.68957745460136,3.0
1770929421.1873233,0.08,-92.45999999999997,2.828787104424276e-19,19.859999999999996,-3.8599999999999994,40.42,291.4,-65.99999999999999,109.3,-164.33,8.22,-129.79,3.0
1770929421.231329,0.08124768592292558,-92.45661348545741,-0.004365736380246043,19.715882287956422,-3.802415465083892,40.50484413700042,291.377656586413,-65.9588545463458,109.18611491773389,-164.43965184096933,8.227930516062946,-129.86693508280442,3.0
1770929421.2753346,0.08084495431048601,-92.45765786353189,-0.007569300960003517,19.645952227885655,-3.8169252089873162,40.56124471565325,291.3933880378389,-65.9695554860688,109.20603134797568,-164.4304738861704,8.238037633206552,-129.92291661058826,3.0
1770929421.3193402,0.08,-92.46,3.611661222257876e-18,19.589999999999996,-3.8599999999999994,40.599999999999994,291.4,-65.99999999999999,109.19999999999999,-164.41999999999996,8.21,-129.97,3.0
1770929421.3633378,0.07966569378236231,-92.46111855258162,0.024121303442321385,19.49730052112004,-3.893098667945338,40.63419059750372,291.36166199239193,-66.02220501729069,109.04794838384028,-164.49998103214278,8.11891089153206,-130.0210400934479,3.0
1770929421.4073353,0.07977361026277098,-92.4609393467696,0.05524751912265967,19.355067654499408,-3.8976322887814185,40.686026489313505,291.28799902960424,-66.02466646037317,108.78851121256467,-164.65903577343485,8.00152208896983,-130.09208943637898,3.0
1770929421.4513328,0.07999999999999999,-92.45999999999998,0.08,19.159999999999997,-3.86,40.78,291.19999999999993,-65.99999999999999,108.49999999999999,-164.85999999999999,7.909999999999999,-130.2,3.0
1770929421.4953256,0.08008953894762522,-92.45891230421608,0.0886212633516996,18.920471183118984,-3.7755602335051295,40.92802310261435,291.11643618476006,-65.94491797708403,108.24801747283095,-165.0685721786076,7.882351843734754,-130.35075639525587,3.0
1770929421.5393183,0.08006060463843011,-92.45858474938973,0.08583848372862087,18.691554931894522,-3.6755085988499783,41.091686364129764,291.0472084363367,-65.87251941317926,108.04733120917317,-165.2619015386088,7.899948084988217,-130.50687379204402,3.0
1770929421.583311,0.08,-92.45999999999998,0.08,18.54,-3.6,41.21999999999999,290.99999999999994,-65.79999999999998,107.9,-165.41999999999996,7.93,-130.62,3.0
1770929421.6273108,0.07997615042713685,-92.46323223055403,0.077689939447176,18.507481413070693,-3.5772529906267443,41.274457732779624,290.98000067597525,-65.74627122252133,107.80442616928036,-165.5227672904637,7.943903955751149,-130.65704543663978,3.0
1770929421.6713107,0.07998397118350868,-92.46472165567144,0.07843558299989371,18.53537928458921,-3.5877407232260894,41.266487313426666,290.9824264843083,-65.73710773876162,107.74438617296498,-165.54965436842625,7.929796682188421,-130.6459709510006,3.0
1770929421.7153103,0.08,-92.46000000000001,0.07999999999999999,18.54,-3.5999999999999996,41.21999999999999,291.0,-65.8,107.69999999999999,-165.47999999999996,7.88,-130.63,3.0
1770929421.7593145,0.08000585934382742,-92.44815877356781,0.08061897885959642,18.46664020163528,-3.592464841024932,41.16377559589676,291.02282037059825,-65.92925639208988,107.66020377597354,-165.33072902990793,7.803884185112505,-130.64254333966656,3.0
1770929421.8033187,0.0800035106275353,-92.4425286279245,0.08041918427180435,18.37655755937828,-3.5831581378752984,41.14606808586725,291.0304930338378,-65.98645703918167,107.6491981730411,-165.2691106173158,7.779013334406254,-130.67776092247226,3.0
1770929421.847323,0.07999999999999999,-92.46,0.07999999999999999,18.36,-3.6,41.21999999999999,291.0,-65.79999999999998,107.7,-165.50000000000003,7.8999999999999995,-130.71999999999997,3.0
1770929421.8913157,0.08000041219755351,-92.50413267517469,0.07983414511443836,18.459291113721537,-3.6399246823105655,41.406736179929595,290.91760673052073,-65.27003654245246,107.8288328008996,-166.14172399731206,8.217966711206238,-130.74907750099032,3.0
1770929421.9353087,0.08000198630635019,-92.52516383263058,0.07988767991288896,18.525057144564354,-3.575923021569022,41.5996107134747,290.806712491452,-64.58373077117841,107.98474706079669,-166.9664957549033,8.610075906112481,-130.72668906281413,3.0
1770929421.9793015,0.08,-92.46,0.08,18.36,-3.25,41.66,290.7,-63.99999999999999,108.1,-167.65999999999997,8.909999999999998,-130.61,3.0
1770929422.1933107,0.07999249186595857,-92.27234756277043,0.08004444068265015,17.847676824960065,-2.5789475408439286,41.49372412882929,290.6252712258374,-63.71281966032248,108.13187242783552,-167.9853379438068,8.999434155247707,-130.3755911008167,3.0
1770929422.4073203,0.079988544147064,-92.03311233784954,0.08003009607663986,17.195065714216188,-1.7787053314042127,41.18437794912284,290.5908051485025,-63.65639765388259,108.13773950969815,-168.01527673344145,8.952164522625267,-130.07770504849356,13.0
1770929422.6213295,0.08,-91.83999999999999,0.07999999999999999,16.689999999999998,-1.1399999999999997,40.86000000000001,290.6,-63.7,108.2,-167.89999999999998,8.89,-129.79,13.0
1770929422.6653416,0.08002962033861226,-91.76573633300282,0.07998809215496103,16.54703862347527,-0.8742851543137674,40.62133026771624,290.6516787365003,-63.73424037181318,108.37330711738798,-167.76581311634965,8.90911148261774,-129.5700395772244,13.0
1770929422.7093537,0.08004383710539391,-91.78312755671206,0.07999193578055162,16.687642961533932,-0.875922319480884,40.45991452707106,290.7263632108347,-63.73512305773573,108.60133193744782,-167.6435084224421,9.003117855238301,-129.4110092617303,17.0
1770929422.7533658,0.08,-91.84,0.08,16.959999999999997,-0.9599999999999999,40.339999999999996,290.8,-63.699999999999996,108.8,-167.54,9.139999999999999,-129.29,17.0
1770929422.7976859,0.07988902677959243,-91.89174414225535,0.08000319069750575,17.23157608854626,-0.9761340641232409,40.23021405956505,290.85319901334697,-63.6279966302026,108.90823243594595,-167.4632614426465,9.290786580947994,-129.18425059028564,17.0
1770929422.842006,0.07983610743136042,-91.92400706493194,0.08000216080115369,17.446955032240673,-0.9120498351167121,40.116704683333744,290.8852234896407,-63.5253323373968,108.95693274051067,-167.42550439160522,9.438697389754854,-129.07159123791862,22.0
1770929422.886326,0.07999999999999999,-91.93,0.07999999999999999,17.569999999999997,-0.7899999999999999,39.989999999999995,290.9,-63.4,109.0,-167.44,9.57,-128.93,22.0
1770929422.9306688,0.08041427254301801,-91.90728709797584,0.07999914505501603,17.581842207524865,-0.630808218822904,39.844850531060594,290.9021918767786,-63.26118051478386,109.07894832401345,-167.51040037232372,9.675519971368054,-128.74518028385523,22.0
1770929422.9750116,0.08061173316916447,-91.87084418356022,0.07999942101483369,17.532685057651495,-0.4495820437559862,39.692896369223625,290.89940949726935,-63.122806851936446,109.18575191532446,-167.60188141854465,9.764314807964494,-128.53373689770646,28.0
1770929423.0193543,0.08,-91.83999999999999,0.08,17.489999999999995,-0.26,39.55,290.8999999999999,-63.0,109.29999999999998,-167.67,9.849999999999998,-128.31999999999996,28.0
1770929423.0633538,0.0784538830483355,-91.8291074658413,0.08000022908243017,17.499573599872793,-0.07433676428885991,39.4237171495259,290.908403849909,-62.90135538473607,109.3944927865188,-167.6888407717624,9.938244644690888,-128.12169494096005,28.0
1770929423.1073532,0.07771695989198181,-91.83261620082722,0.08000015513951164,17.52045288530149,0.10074838051099816,39.288376506438446,290.9134348175782,-62.80936618078339,109.4148744130064,-167.7065995638459,10.00293226727605,-127.9301278379223,33.0
1770929423.1513526,0.07999999999999999,-91.84,0.07999999999999999,17.489999999999995,0.26,39.11,290.8999999999999,-62.7,109.29999999999998,-167.78999999999996,10.009999999999998,-127.73,33.0
1770929423.1953506,0.08577019526363998,-91.84294970532561,0.07999993861526336,17.363937467058033,0.3988960167190697,38.87028087083581,290.85678531617776,-62.56302757590152,109.01715460398545,-167.98201431840448,9.93927922764616,-127.51470661897113,33.0
1770929423.2393484,0.08852042726290835,-91.84202434646431,0.07999995842711982,17.17142932706848,0.5158477809712255,38.61359760502262,290.7875919731586,-62.443432128633745,108.64734302524263,-168.23060921496062,9.826178345153533,-127.31241841727113,39.0
1770929423.2833464,0.08,-91.83999999999999,0.08,16.959999999999997,0.6099999999999999,38.39999999999999,290.7,-62.4,108.3,-168.45999999999998,9.72,-127.15999999999998,39.0
1770929423.3273365,0.05550237293414172,-91.83909371285628,0.08000001645651644,16.774306161524706,0.6820860307459035,38.268492700464186,290.6051956261204,-62.46875653388011,108.06651842716911,-168.60828713980482,9.660564370650402,-127.0768859905629,39.0
1770929423.371327,0.024497627352682162,-91.8392864133156,0.08000001115200915,16.647533510128323,0.7391938289374151,38.173899740137784,290.5287898823801,-62.59468308245949,107.96612385639354,-168.66911172445975,9.64976175951725,-127.01279108558585,43.0
1770929423.415317,-2.1687151791902964e-18,-91.84,0.07999999999999999,16.609999999999996,0.79,38.05,290.49999999999994,-62.699999999999996,108.0,-168.64999999999998,9.679999999999998,-126.89999999999999,43.0
1770929423.459323,-0.008520427740945932,-91.84067544324922,0.07999999555867089,16.671430479435752,0.8420191195565692,37.85278536434449,290.53354329045175,-62.72490925154103,108.14640131696784,-168.5703926779318,9.738463289752241,-126.69441608544393,43.0
1770929423.5033288,-0.005770195932892948,-91.84083000027336,0.07999999696484364,16.759177373158998,0.8981176440198445,37.627099730722584,290.5861373862101,-62.68153924523204,108.29186525288698,-168.49738833164494,9.79144128344414,-126.44641724038553,46.0
1770929423.5473347,-7.756308989879363e-19,-91.83999999999999,0.08,16.779999999999998,0.96,37.44,290.59999999999997,-62.6,108.29999999999998,-168.50999999999996,9.799999999999999,-126.23,46.0
1770929423.5913298,0.002283041733346204,-91.83820451414681,0.0800000013088,16.668120068880437,1.0272448984352223,37.32962510141712,290.53470528614656,-62.50938423773357,108.08120963829292,-168.6568088151346,9.736323211081377,-126.09137559358739,46.0
1770929423.635325,0.001546119341852839,-91.83739358559109,0.08000000098861636,16.467608849087554,1.09092818757579,37.21844207771268,290.4192531653725,-62.43471549216796,107.7330817987253,-168.86466828229393,9.617065699298792,-125.96561402694628,48.0
1770929423.67932,-1.2718454202536544e-19,-91.84,0.07999999999999999,16.25,1.1399999999999997,37.0,290.29999999999995,-62.4,107.39999999999999,-169.03,9.47,-125.76,48.0
1770929423.7233174,-0.0006117391924388894,-91.84650650016354,0.07999999920612912,16.078681837635113,1.1686309163321658,36.61612163739446,290.21652445385104,-62.41533157530248,107.20283420393454,-169.07792761708535,9.3295771992556,-125.42452598465111,48.0
1770929423.7673147,-0.00041428143451841047,-91.84959565736241,0.07999999908069096,15.984461304564892,1.1918733093806912,36.201724551019346,290.18129439674493,-62.43515434165174,107.16840014480451,-169.04838298362392,9.25696258602739,-125.08001554071845,51.0
1770929423.811312,-5.379767263149814e-21,-91.83999999999999,0.08,15.99,1.23,35.93999999999999,290.19999999999993,-62.39999999999999,107.29999999999998,-169.00999999999996,9.32,-124.89,51.0
1770929423.8553138,0.0001639150364093528,-91.81243615186568,0.08000000186668357,16.099745173171705,1.3011943991990738,35.957740200856946,290.2695672688195,-62.27003020179725,107.57782391633927,-169.01814738319064,9.554256880785129,-124.96163157891938,51.0
1770929423.8993158,0.00011100639622080241,-91.77755711829265,0.08000000268861988,16.245286673393636,1.4152822786051413,36.15614119969146,290.35186554394437,-62.08392640048439,107.88961391835304,-169.07513311654378,9.866195067702769,-125.17654603240227,54.0
1770929423.9433177,-9.184332304071956e-23,-91.75,0.07999999999999999,16.34,1.58,36.38,290.3999999999999,-61.9,108.09999999999998,-169.17,10.13,-125.35999999999999,54.0
1770929423.987318,-4.392095319852183e-05,-91.74041555904037,0.07999999332713664,16.323818951159538,1.7932581535381988,36.507732373992575,290.38298424864837,-61.76380687676778,108.11549976033795,-169.28911247978164,10.253765647974246,-125.38413288485661,54.0
1770929424.0313182,-2.9744150364799224e-05,-91.74350920280034,0.07999999016482952,16.242910520379088,2.0136642428653904,36.55222916873335,290.3334656496996,-61.66988079715151,108.01018121882045,-169.40812158723799,10.28122010612447,-125.30861514448732,58.0
1770929424.0753186,-5.970148548371796e-21,-91.74999999999999,0.08,16.17,2.19,36.56,290.29999999999995,-61.6,107.9,-169.49999999999997,10.29,-125.23999999999998,58.0
1770929424.1193323,1.1768776384734502e-05,-91.7525682786395,0.08000002482476988,16.160164207375335,2.2835507644258954,36.56762659946906,290.3170142551052,-61.541408957798325,107.87499185712376,-169.54355084583082,10.337717564354913,-125.2570220668393,58.0
1770929424.163346,7.970205238394439e-06,-91.75173940383932,0.08000003665206212,16.197886059904846,2.3056163054888272,36.57197916241222,290.3624200054055,-61.503217077576316,107.92151305821712,-169.5408990530227,10.401887470762302,-125.32714153779662,61.0
1770929424.2073598,-2.3858755915751526e-22,-91.75,0.07999999999999999,16.249999999999996,2.28,36.56,290.3999999999999,-61.5,107.99999999999999,-169.49999999999997,10.44,-125.39,61.0
1770929424.2513478,-3.154152340416188e-06,-91.74931132640165,0.07999990737378385,16.29330199711692,2.235131381350807,36.53805752442751,290.40451428648623,-61.533520255001925,108.08082910746334,-169.43594339615422,10.433141872383867,-125.41444551445281,61.0
1770929424.2953358,-2.1366705887785455e-06,-91.74953318184242,0.07999986322692205,16.344434128890423,2.21794460925337,36.590224551988165,290.3946321064562,-61.55428792958036,108.1741369186816,-169.39235627474525,10.45678556638187,-125.48615203765955,65.0
1770929424.3393238,-1.694021482529085e-22,-91.74999999999999,0.07999999999999999,16.43,2.28,36.82,290.3999999999999,-61.5,108.3,-169.41999999999996,10.609999999999998,-125.72,65.0
1770929424.3833354,8.478329769302503e-07,-91.75018641575392,0.08000034568009473,16.56588706341625,2.4522200064671718,37.28310626578388,290.44270637672736,-61.331917429601404,108.47206208339321,-169.54712001399662,10.952307538702197,-126.17815883831244,65.0
1770929424.4273472,5.764771167197436e-07,-91.75012786879104,0.08000051044024971,16.725118165274196,2.682975627868055,37.84415966667214,290.5146071243253,-61.105557130028245,108.6782355633529,-169.71189807021847,11.385044337784272,-126.71195401526893,72.0
1770929424.4713588,5.703122259740446e-23,-91.74999999999999,0.07999999999999999,16.87,2.8999999999999995,38.32,290.59999999999997,-60.89999999999999,108.9,-169.82999999999998,11.77,-127.12,72.0
1770929424.5156827,-2.3717956730481328e-07,-91.74994301058265,0.07999870990583721,16.973520119588464,3.0526552594471594,38.574332227251794,290.6839194658634,-60.77214335992582,109.11981144785274,-169.843354325637,12.006516861696202,-127.25736357674188,72.0
1770929424.5600064,-1.6923787810042918e-07,-91.74995534299345,0.07999809501207912,17.051389506309075,3.176819545941046,38.65832196650844,290.7543468036501,-60.69015021697338,109.32403193901803,-169.7989403332698,12.144148193592102,-127.20492079015364,77.0
1770929424.6043303,1.076042931774498e-23,-91.74999999999999,0.08,17.13,3.33,38.669999999999995,290.8,-60.6,109.5,-169.76999999999998,12.269999999999998,-127.1,77.0
1770929424.6486783,1.0088529228900294e-07,-91.75004154191546,0.08000481469655642,17.227069495266935,3.5478996964849174,38.68882408446823,290.8142083524116,-60.464694315880536,109.63758101408477,-169.8094626834555,12.446810199698165,-127.0516461139793,77.0
1770929424.6930263,1.0047439568197306e-07,-91.7500507592352,0.08000710951143383,17.325620105785784,3.779005447626995,38.719959874701544,290.80874640181537,-60.315323483559766,109.7367477916862,-169.88900726336914,12.63984436932878,-127.055770231524,81.0
1770929424.7373743,-1.9141738454250952e-24,-91.74999999999999,0.08,17.4,3.95,38.74999999999999,290.8,-60.2,109.79999999999998,-169.96,12.79,-127.07999999999998,81.0
1770929424.7820313,-1.6636160185119844e-07,-91.74989082175546,0.07998203130793717,17.431164862306748,4.00907928794649,38.76740847191233,290.79998786523106,-60.15426456173727,109.82986449580814,-169.98583197757813,12.852909006177791,-127.09679270808167,81.0
1770929424.826688,-2.3265970462746306e-07,-91.74984162006582,0.07997346694218559,17.42650044091814,3.9904919968842836,38.76813483098173,290.8032601816812,-60.16337066360243,109.82897689423724,-169.9779935762168,12.84314099575943,-127.09792420967642,86.0
1770929424.871345,-8.618271353064785e-24,-91.74999999999999,0.07999999999999999,17.4,3.95,38.74999999999999,290.8,-60.199999999999996,109.8,-169.95999999999998,12.789999999999997,-127.08,86.0
1770929424.915674,5.645611151157909e-07,-91.7503951710627,0.08006706007169491,17.36827105550607,3.9320794480254184,38.71487536121576,290.7858401866645,-60.2367659556889,109.75407211379374,-169.950172369195,12.727109331146217,-127.04377564628665,86.0
1770929424.960003,8.301644228278792e-07,-91.75058276050159,0.08009902271982385,17.358378130541666,3.93606360187291,38.68083413470488,290.7782128714602,-60.24600867684538,109.7362335202538,-169.94605546880095,12.705369425411277,-127.00660700384448,90.0
1770929425.0043318,-4.3022079547406415e-23,-91.74999999999999,0.08,17.399999999999995,3.9499999999999997,38.67,290.8,-60.2,109.79999999999998,-169.93999999999997,12.779999999999998,-126.99,90.0
1770929425.048676,-2.0918828586119653e-06,-91.7485284939937,0.07974972840528317,17.508713878631934,3.9722325495814674,38.69234934248386,290.8640587955188,-60.080153096988624,109.9760692712391,-169.9294044715678,12.983838854422523,-127.00180841047546,90.0
1770929425.0930204,-3.0879979866840537e-06,-91.74782733792787,0.07963044217851908,17.643690740618904,4.042290632661112,38.70926937093949,290.9431475917377,-59.904446480867975,110.2038668025254,-169.9318586226536,13.260196117410272,-126.9952774045754,94.0
1770929425.1373646,4.806974250285885e-22,-91.75,0.07999999999999999,17.75,4.209999999999999,38.67,291.0,-59.699999999999996,110.4,-169.96999999999997,13.53,-126.90999999999998,94.0
1770929425.181688,7.802970319332071e-06,-91.75549085296245,0.0809340263071724,17.79094750404027,4.489360724019077,38.549430972552535,291.00977648311243,-59.50558461931961,110.50461376421283,-170.0459134482375,13.721979695608121,-126.71973145255232,94.0
1770929425.2260118,1.1521827523908339e-05,-91.75810788778695,0.08137920856609986,17.80278483290864,4.75107016377892,38.42505134450017,290.9973449097372,-59.40657577005318,110.55200297334842,-170.07947300354772,13.796068327169834,-126.53487597044663,95.0
1770929425.2703352,-8.915625154369303e-22,-91.75,0.08,17.84,4.83,38.39999999999999,291.0,-59.49999999999999,110.6,-169.97,13.72,-126.5,95.0
1770929425.3146791,-2.9119998418716314e-05,-91.73284142748984,0.0765141663660272,17.959718327429222,4.5955097395274,38.549186026565295,291.0486871238833,-59.85306398128851,110.69436456079849,-169.6369417354822,13.481946066848689,-126.71519170524122,95.0
1770929425.3590229,-4.29993121089493e-05,-91.74640777759109,0.07485272355708154,18.229614372190998,4.054910193704687,38.834599325133944,291.1489542507952,-60.41369488336377,110.83256574852545,-169.08024936315567,13.151826870206698,-127.10262612104559,95.0
1770929425.4033668,8.450094635996368e-21,-91.83999999999999,0.08,18.72,3.2499999999999996,39.19,291.3,-61.099999999999994,111.0,-168.32,12.819999999999999,-127.54,95.0
1770929425.4473608,0.00010867702335553322,-92.03943973337451,0.09300930822871883,19.44980881587246,2.2574892067602463,39.55456566192701,291.49177131765066,-61.82290019626704,111.17348354814874,-167.41224553575958,12.560976777737887,-127.92764987463096,95.0
1770929425.4913547,0.0001604754209118889,-92.27663137221913,0.09920989720557409,20.232461382031037,1.2937335058468733,39.88914394755662,291.6772084574527,-62.464570622417604,111.29551181032761,-166.5569369512372,12.385883451262686,-128.25647139722295,92.0
1770929425.5353487,-1.7097534346468267e-20,-92.45999999999998,0.08,20.83,0.6099999999999999,40.15999999999999,291.8,-62.89999999999999,111.29999999999998,-165.98999999999998,12.29,-128.53999999999996,92.0
1770929425.5793495,-0.0004055880950034165,-92.52347371308618,0.02218934145983865,21.06400937204386,0.3782371371353846,40.34625502943035,291.8175609388476,-63.04792782623584,111.12651606142143,-165.87926130666463,12.256369044422005,-128.79124583327197,92.0
1770929425.6233506,-0.0005989023715386062,-92.50299265945833,-0.0657663864534487,20.99424380338848,0.4531187458708963,40.478454514269174,291.7422119193943,-63.002096701039854,110.73723886201604,-166.12015098004392,12.21908376918704,-129.02111791969227,89.0
1770929425.6673515,1.4577271473831246e-19,-92.45999999999998,-0.16999999999999998,20.74,0.6099999999999999,40.6,291.6,-62.9,110.09999999999998,-166.53999999999996,12.099999999999998,-129.24,89.0
1770929425.7113595,0.001513675356658133,-92.44296171057704,-0.2762111185125123,20.403042584840993,0.6717844669204547,40.743377183314536,291.41576270473706,-62.85205516545624,109.21674850246187,-166.99219071906344,11.846880377907441,-129.4551445700589,89.0
1770929425.7553673,0.002235134065242536,-92.4484350269846,-0.36836657361398806,20.01500784885951,0.651569288447328,40.897408365737064,291.209499420526,-62.860375906756346,108.2259031119788,-167.43431098043902,11.51111480532251,-129.6612791462303,87.0
1770929425.7993753,-6.02133397022965e-19,-92.46,-0.42999999999999994,19.59,0.61,41.04,291.0,-62.89999999999999,107.3,-167.85,11.169999999999998,-129.84999999999997,87.0
1770929425.843373,-0.005649113331629117,-92.46467944460561,-0.4506782007431159,19.143820288592217,0.5946249951827967,41.16023623731151,290.80457342738964,-62.943851511939165,106.56945289169413,-168.22716100226677,10.885368703207517,-130.02150921982573,87.0
1770929425.8873706,-0.00834163388943154,-92.46326723260333,-0.44410065242392127,18.699058134506885,0.6006041003397918,41.2919120227826,290.63460521331666,-62.95639967193478,105.99618572710607,-168.57075324634818,10.657197750263709,-130.21043216205317,86.0
1770929425.9313684,2.4796013078506485e-18,-92.46,-0.43,18.279999999999998,0.61,41.47999999999999,290.5,-62.9,105.5,-168.89,10.47,-130.46,86.0
1770929425.975361,0.024045740932821174,-92.45832051100054,-0.42403904147798555,17.903528112642043,0.6097155523483587,41.75197416373572,290.40298062274144,-62.754020268268576,105.01284733816917,-169.1947208274249,10.308681846299553,-130.793633365453,86.0
1770929426.019354,0.05483510519618632,-92.45849604260212,-0.4256011870606967,17.55690776126118,0.6060143101935048,42.0653139135029,290.3150426891707,-62.565877257356426,104.51527990552303,-169.49712047861274,10.159723823252332,-131.15551072407553,86.0
1770929426.0633469,0.07999999999999999,-92.46,-0.42999999999999994,17.22,0.61,42.35999999999999,290.19999999999993,-62.4,103.99999999999999,-169.81,10.01,-131.47,86.0
1770929426.1073477,0.09020689034108349,-92.46203851139224,-0.43316563334494196,16.879474668247056,0.6298461287571019,42.58594118181968,290.03535593349665,-62.30673408165322,103.47175034822185,-170.13728902136685,9.850644652335026,-131.67877213317712,86.0
1770929426.1513484,0.08826047236394224,-92.46274859698819,-0.4334945993332921,16.549236746374405,0.6620053255528545,42.73275824913168,289.85337217814896,-62.28009129863959,102.98343539154276,-170.44743150586757,9.68983288265293,-131.79271012683003,86.0
1770929426.1953492,0.08,-92.45999999999998,-0.43,16.25,0.6999999999999998,42.8,289.7,-62.29999999999999,102.6,-170.69999999999996,9.539999999999997,-131.83999999999997,86.0
1770929426.2393544,0.07142299399914064,-92.45352544343052,-0.4232984251422467,15.998573214369767,0.7375665992898981,42.7975944423189,289.6074474951237,-62.341265627340746,102.35570682449901,-170.86908605007062,9.410221025841834,-131.85016699072744,86.0
1770929426.2833593,0.06916004238508155,-92.45050956944516,-0.4204204156061351,15.79614525324127,0.7692977209284054,42.77698642330371,289.5529500797152,-62.358201992529686,102.16208963941723,-170.98685720162067,9.29612983132116,-131.8580932130489,86.0
1770929426.3273644,0.08,-92.45999999999998,-0.43,15.64,0.79,42.8,289.5,-62.29999999999999,101.89999999999999,-171.09999999999997,9.19,-131.89999999999998,86.0
1770929426.3713584,0.1074344669956872,-92.48682267784868,-0.4569739994194047,15.522528770570192,0.7965541407499699,42.906273641497286,289.4200392711938,-62.13931452009487,101.48690383526358,-171.24525566723952,9.083656429482831,-131.99907842243164,86.0
1770929426.4153523,0.14176602476239716,-92.51891682893493,-0.4914904049088332,15.416552611030927,0.7941371240668534,43.04670346506089,289.31630898447196,-61.942656286797245,100.98672456930699,-171.4195841320942,8.967129273543927,-132.12639850245588,86.0
1770929426.4593463,0.17,-92.53999999999999,-0.5199999999999999,15.29,0.7899999999999999,43.15,289.19999999999993,-61.79999999999999,100.49999999999999,-171.61,8.83,-132.24,86.0
1770929426.503345,0.18217247135144207,-92.53992458591547,-0.5321389105134658,15.115015407053178,0.7895501710435555,43.168051732432666,289.0790620867678,-61.771846662650134,100.09297413074303,-171.80840979948982,8.664042145115738,-132.31092672695345,86.0
1770929426.547344,0.18044252523199295,-92.53308237407438,-0.5302846314251952,14.880607265598016,0.7908204494708478,43.145458975712025,288.94848064906364,-61.800802489911,99.69471578705866,-172.0262877514841,8.469797518947605,-132.3622387030536,86.0
1770929426.5913427,0.17,-92.53999999999999,-0.52,14.579999999999998,0.79,43.14999999999999,288.8,-61.79999999999999,99.19999999999999,-172.27999999999997,8.249999999999998,-132.43,86.0
1770929426.6353502,0.15720898093187732,-92.56977527478567,-0.5078036918600644,14.211483675291186,0.7852451750758082,43.23077868803132,288.6303790484016,-61.706632162637895,98.55971816028284,-172.57703106072708,8.00906387894312,-132.5398072623473,86.0
1770929426.6793575,0.15313054097629758,-92.5857907118046,-0.5040377360570524,13.793610919169657,0.7825810780497561,43.36220137283179,288.4564350859403,-61.55413375355877,97.9492270972733,-172.88933893604363,7.758125095110142,-132.67538742607059,85.0
1770929426.723365,0.17,-92.53999999999999,-0.5199999999999999,13.35,0.79,43.49999999999999,288.3,-61.39999999999999,97.59999999999998,-173.18,7.509999999999999,-132.80999999999997,85.0
1770929426.767363,0.21565827158771514,-92.42097431494183,-0.5566463220462767,12.914975817708036,0.8028024619865457,43.61253721914576,288.1734957937001,-61.29051357568716,97.59037545034778,-173.41457706871296,7.269702339111803,-132.92577014958331,85.0
1770929426.8113608,0.28036864419614804,-92.36375477870722,-0.5735644243465955,12.565689798464174,0.7655219049967976,43.71869849592378,288.05170493310135,-61.22710694029839,97.386153601626,-173.5685787265638,7.0110354339452075,-133.04028566673824,85.0
1770929426.8553588,0.35,-92.53999999999999,-0.52,12.389999999999999,0.6099999999999999,43.849999999999994,287.9,-61.199999999999996,96.29999999999998,-173.62000000000003,6.7,-133.18,85.0
1770929426.8993623,0.40978756234688807,-93.05817931729887,-0.3663517606955704,12.466390831654476,0.2983597917928294,44.02573910205232,287.70526740642777,-61.21279501609498,93.94544670499265,-173.54762362738418,6.335830468313392,-133.36007510228242,85.0
1770929426.9433658,0.442431919276139,-93.77400498818142,-0.16763049248249848,12.835852109195908,-0.08615017951840727,44.21633797680644,287.54044888535816,-61.3226236704329,91.13949182955615,-173.33338319473847,6.050696132072042,-133.55050694401356,85.0
1770929426.9873693,0.42999999999999994,-94.48,-1.4417428067172002e-17,13.529999999999998,-0.42999999999999994,44.38,287.5,-61.6,88.99999999999999,-172.96,6.01,-133.71,85.0
1770929427.031364,0.3663025901358412,-95.00816026771453,0.07983114260632512,14.517238633451818,-0.6458712587874696,44.48487674301534,287.63876791392215,-62.06201006363665,88.31672661857061,-172.44678027360234,6.304753565412427,-133.8072627746204,85.0
1770929427.0753584,0.2921259009215164,-95.34837341671528,0.09297528316545571,15.513123986974342,-0.7512915572934912,44.538912559813454,287.8531661921328,-62.51202800759967,88.56699019126077,-171.95936997596408,6.728402259988873,-133.85101989054098,84.0
1770929427.119353,0.25999999999999995,-95.52999999999999,0.07999999999999999,16.169999999999998,-0.7899999999999999,44.559999999999995,288.0,-62.699999999999996,88.89999999999999,-171.7,6.999999999999999,-133.86,84.0
1770929427.1633568,0.3035205956282683,-95.58658701925036,0.0736938569369316,16.24502500490856,-0.8000599418281221,44.57067985181226,287.9729942712171,-62.47249806269175,88.66912830220639,-171.80340342635463,6.920340455222071,-133.85902194738426,84.0
1770929427.2073607,0.3805459585192814,-95.5684272708834,0.07572935982067068,15.914614905869584,-0.7968317394557587,44.612085858013856,287.8135530127776,-62.062597632501756,88.04439925725265,-172.1343220865906,6.6171763094539235,-133.89726534567447,83.0
1770929427.2513645,0.42999999999999994,-95.52999999999999,0.08,15.459999999999999,-0.7899999999999999,44.73,287.59999999999997,-61.8,87.39999999999999,-172.48999999999998,6.3,-134.02999999999997,83.0
1770929427.2953699,0.4077631754992315,-95.5143805441729,0.08168972594224425,15.110439124691723,-0.7872223072333732,44.94610755343932,287.3988846308392,-61.92207175967045,87.02527869112235,-172.71145787283095,6.1301809099955955,-134.2836864728797,83.0
1770929427.3393753,0.33754211685320584,-95.51902861086224,0.08114431458889847,14.887305278436248,-0.7880481515501405,45.18570697109409,287.22965879379404,-62.296840721652636,86.87022759454356,-172.8148231591551,6.076596205899169,-134.56954835639084,84.0
1770929427.3833807,0.26,-95.53,0.08,14.76,-0.7899999999999999,45.349999999999994,287.09999999999997,-62.7,86.8,-172.86,6.059999999999999,-134.77,84.0
1770929427.427388,0.2076489245970305,-95.5358908040581,0.07954723929409148,14.695440718546795,-0.7910508292383859,45.371926971467495,287.01294868690786,-62.954029713441265,86.7038310073783,-172.89891323046976,6.016343312202966,-134.80512104998576,84.0
1770929427.4713953,0.18039668517901436,-95.53545828566773,0.07969338182373555,14.650608424829912,-0.7909756543436798,45.31138255390608,286.9529969972314,-63.068557999406245,86.5672829571658,-172.9515704619743,5.942364792875342,-134.7456523398734,84.0
1770929427.5154026,0.16999999999999998,-95.53,0.08,14.579999999999998,-0.79,45.25999999999999,286.8999999999999,-63.099999999999994,86.4,-173.02999999999997,5.849999999999999,-134.69999999999996,84.0
1770929427.5597258,0.16867816314968656,-95.51872290626143,0.08012131688138989,14.449279482602588,-0.7885743758130838,45.28544381994997,286.83820951041815,-63.09884642360153,86.22236024232745,-173.1399262423271,5.750742137488843,-134.74953303088097,84.0
1770929427.6040487,0.17050077206037087,-95.49247157980024,0.08008215811615943,14.268779540762647,-0.788049231075141,45.35950355402237,286.7694643283914,-63.09189024368538,86.09767761383037,-173.2618579559108,5.654314992969847,-134.86747191374525,84.0
1770929427.648372,0.17,-95.44,0.07999999999999999,14.059999999999999,-0.7899999999999999,45.42999999999999,286.69999999999993,-63.099999999999994,86.09999999999998,-173.36999999999998,5.57,-135.0,84.0
1770929427.6927073,0.1643050894708905,-95.35625460793324,0.07996749318034893,13.84633023993175,-0.7946516675092794,45.46370515614002,286.63791697512295,-63.1320660736341,86.2733946899786,-173.44471513355518,5.506614063767594,-135.10526534500886,84.0
1770929427.7370424,0.160933559912836,-95.2609516914277,0.0799779857116268,13.658717856563971,-0.796827421355757,45.503195822597036,286.5987753188326,-63.14906621103744,86.54200658751273,-173.4909977143826,5.471115975986029,-135.1892748199605,83.0
1770929427.7813778,0.17,-95.18,0.08,13.529999999999998,-0.79,45.60999999999999,286.59999999999997,-63.099999999999994,86.8,-173.52,5.47,-135.27,83.0
1770929427.825717,0.19743481230008467,-95.13218458793159,0.0800087103972144,13.482066224337093,-0.7694856208164657,45.815661481415844,286.6508633298308,-62.95437076334354,86.96924618294331,-173.54047248271155,5.505764570403752,-135.35644262612072,83.0
1770929427.8700562,0.2324316549549509,-95.10779572856309,0.08000589903733343,13.493015699648154,-0.7379744168351661,46.03178722966353,286.72802698887074,-62.76369676401674,87.0824441842668,-173.55155859396643,5.5649248067897465,-135.42172510270913,83.0
1770929427.9143953,0.25999999999999995,-95.09,0.07999999999999999,13.529999999999998,-0.6999999999999998,46.13999999999999,286.79999999999995,-62.6,87.19999999999999,-173.55,5.629999999999999,-135.42999999999998,83.0
1770929427.9587255,0.26928899466210243,-95.06537741071085,0.07999766523079355,13.565775233090248,-0.6607391825581932,46.061426695974355,286.8438148907388,-62.51711753965843,87.36813909676671,-173.5333949355987,5.686994321284062,-135.36007526161941,83.0
1770929428.0030558,0.2660064869340235,-95.0341616906163,0.07999841813903955,13.595515641139711,-0.6279415779702507,45.87521081430439,286.8705982071659,-62.49614673289567,87.57636482356818,-173.50276790975192,5.735851463521646,-135.2493803247586,80.0
1770929428.047386,0.25999999999999995,-95.0,0.07999999999999999,13.619999999999997,-0.6099999999999999,45.7,286.9,-62.49999999999999,87.79999999999998,-173.45999999999998,5.78,-135.14999999999998,80.0
1770929428.0917165,0.25874254238483846,-94.96667613959542,0.08000062867961144,13.63816617663525,-0.6108909822840971,45.6241872902423,286.9442474775842,-62.49938130024499,88.01004928184169,-173.411132960079,5.8199618481637,-135.09992299406832,80.0
1770929428.136047,0.2602090639756213,-94.93852047193478,0.08000042840650844,13.641588402459671,-0.6169259379505017,45.61514729089676,286.98587647876167,-62.49616074884511,88.16024466960862,-173.37885124850754,5.84463230208663,-135.08075359825662,76.0
1770929428.1803775,0.25999999999999995,-94.92,0.07999999999999999,13.619999999999997,-0.6099999999999999,45.61,286.99999999999994,-62.5,88.2,-173.39,5.839999999999999,-135.06,76.0
1770929428.224715,0.25574083579854356,-94.91384395683345,0.0799998200507607,13.568226727035418,-0.5756968883054192,45.56219451342687,286.97178779151676,-62.51128318528753,88.10277488697763,-173.4613324833447,5.800936063838914,-135.01356609544064,76.0
1770929428.2690525,0.25315725716349124,-94.91583049571877,0.07999986823492679,13.501464082354934,-0.5143546702277454,45.49049631840494,286.9266366185281,-62.49328434579804,87.93821205355297,-173.56923450362547,5.757841550354056,-134.95093861554838,73.0
1770929428.31339,0.26,-94.91999999999999,0.07999999999999999,13.44,-0.43,45.43,286.8999999999999,-62.39999999999999,87.79999999999998,-173.68,5.749999999999999,-134.88999999999996,73.0
1770929428.3577156,0.28162744775432036,-94.92165173677456,0.08000009111734581,13.398926915223075,-0.3300251681979338,45.40703465605026,286.91674950449686,-62.20363410675304,87.75662894802564,-173.76650006950524,5.802219822406569,-134.84433114268762,73.0
1770929428.4020412,0.3138285740370795,-94.9211205081532,0.08000009865378446,13.372555268120598,-0.23528501076815725,45.41286743548353,286.9594288989777,-61.94922038648131,87.77579600506847,-173.82791444069446,5.881408903904556,-134.81030675436475,68.0
1770929428.4463668,0.3499999999999999,-94.92,0.07999999999999999,13.349999999999998,-0.17,45.43,286.99999999999994,-61.699999999999996,87.79999999999998,-173.87,5.94,-134.77999999999997,68.0
1770929428.490717,0.38404566948046925,-94.91954909606837,0.07999981547985609,13.323102649109318,-0.15012836482877823,45.44300019570544,287.01676974605124,-61.50751372103364,87.78552413573463,-173.89822279419005,5.943517979868142,-134.74799822269762,68.0
1770929428.535067,0.4118988170585567,-94.91968747166854,0.07999973714993534,13.294611141458978,-0.15857936077371115,45.44470060632765,287.01342556333884,-61.37650077494349,87.74378911135837,-173.91688551137477,5.909856167361052,-134.71894547810376,63.0
1770929428.5794172,0.42999999999999994,-94.91999999999999,0.08,13.269999999999998,-0.16999999999999998,45.42999999999999,287.0,-61.29999999999999,87.69999999999999,-173.92999999999998,5.869999999999999,-134.7,63.0
1770929428.623735,0.43626394839787436,-94.92015187895204,0.08000064696322978,13.25458841426558,-0.16316507619065887,45.400964561128006,286.98654188166853,-61.266311009112435,87.6753485831099,-173.94246060558655,5.851856406269015,-134.69849078133663,63.0
1770929428.6680527,0.4345020836546161,-94.92012960517276,0.08000095274647416,13.253074240117572,-0.13336050909996328,45.38833013920588,286.98316514396333,-61.24477651374484,87.67497347542408,-173.9626916619548,5.871018278503096,-134.72242985173872,58.0
1770929428.7123704,0.42999999999999994,-94.92,0.08,13.27,-0.08,45.43,287.0,-61.2,87.69999999999999,-173.99999999999997,5.94,-134.78,58.0
1770929428.7567103,0.42719483322432905,-94.91984338812351,0.07999759666722478,13.305210360495032,-0.004618737815995941,45.54943785607884,287.0407664309786,-61.10872372399815,87.74641486515914,-174.06045330198228,6.060908246907654,-134.8743349482521,58.0
1770929428.8010502,0.4271298853600157,-94.91979410764051,0.07999645186416808,13.339758564737409,0.08276213791429801,45.712349207219205,287.08354349043753,-60.99624502192908,87.78965032027874,-174.13716265562093,6.19421886677471,-134.98837215197838,54.0
1770929428.84539,0.43,-94.92,0.08,13.349999999999998,0.16999999999999998,45.86999999999999,287.1,-60.9,87.79999999999997,-174.22,6.29,-135.09999999999997,54.0
1770929428.88972,0.43495671870480945,-94.92047456855393,0.08000896636787114,13.322347921532064,0.24645484226945144,45.985358088630704,287.0726146166396,-60.850645946746866,87.76121417847574,-174.29794840870653,6.315251346841105,-135.19305831454383,54.0
1770929428.9340496,0.43697837490532143,-94.92069396426533,0.08001323979685361,13.283447056488356,0.30749714262794364,46.068198957843215,287.0271053387312,-60.851724880020384,87.71086968790539,-174.3564354933393,6.3046988469906475,-135.27519265145895,48.0
1770929428.9783795,0.42999999999999994,-94.92,0.07999999999999999,13.27,0.3499999999999999,46.14,286.99999999999994,-60.89999999999999,87.69999999999999,-174.37999999999997,6.31,-135.35999999999999,48.0
1770929429.0227115,0.41001532899347054,-94.9182583376608,0.07996653786129068,13.307249805228563,0.37435492429374023,46.21838904865759,287.0169232506113,-60.988692489014426,87.76798768019715,-174.36071602615453,6.369938217579773,-135.45824660838744,48.0
1770929429.0670433,0.38125291131499645,-94.91743003529832,0.0799505889484175,13.374601357457326,0.39502706935169607,46.30559570214868,287.0598870064897,-61.09685545798943,87.90761166884046,-174.32079907472558,6.471800560077514,-135.56937576070445,43.0
1770929429.1113753,0.3499999999999999,-94.92,0.08,13.439999999999998,0.43,46.39999999999999,287.09999999999997,-61.2,88.09999999999998,-174.29,6.59,-135.69,43.0
1770929429.1557257,0.3209078912472375,-94.92649208080284,0.08012488218696609,13.479763968664791,0.49019953462965543,46.50145608710927,287.1152479364709,-61.28347298608433,88.32239065629116,-174.2902985977864,6.702403190247197,-135.8209922889435,43.0
1770929429.2000759,0.2920840539087715,-94.9295858945415,0.08018440440947647,13.5037030692379,0.5583205058911921,46.615714529858344,287.11112441308785,-61.371964399133084,88.53646141451058,-174.3125904299806,6.800691505291883,-135.98026726868628,38.0
1770929429.2444263,0.25999999999999995,-94.91999999999999,0.08,13.53,0.6099999999999999,46.74999999999999,287.1,-61.5,88.7,-174.34,6.88,-136.19,38.0
1770929429.2884107,0.22339014305462512,-94.89244000579444,0.07953393339084497,13.573323949741884,0.6278099001505846,46.91245326957191,287.09245537387534,-61.684822974055635,88.78319043537883,-174.3584599530702,6.9371156880980775,-136.4555620136162,38.0
1770929429.3323953,0.19004050267955236,-94.85755971986904,0.07931179341367671,13.634290069294781,0.6220612774538985,47.114879511751255,287.09191163745544,-61.87454620473756,88.80580193237651,-174.36513550164847,6.975433418754948,-136.71511072010597,32.0
1770929429.3763797,0.16999999999999998,-94.82999999999998,0.07999999999999999,13.71,0.6099999999999999,47.36999999999999,287.1,-62.0,88.8,-174.36,6.999999999999999,-136.89,32.0
1770929429.4203787,0.1688648698676048,-94.82041456268601,0.08173938424965403,13.793236528663941,0.605227531434668,47.66836046423261,287.1186342717313,-62.01797585843381,88.80040315774905,-174.34400973808107,7.020985909212325,-136.9489818788137,32.0
1770929429.4643779,0.17442060203968998,-94.82350855931568,0.08256842193581676,13.859507023953348,0.6067677176265472,47.911804460173656,287.15085866672035,-61.98911004117597,88.85144196709452,-174.322052748611,7.069056301169802,-137.05040096200094,27.0
1770929429.5083768,0.17,-94.83,0.08,13.88,0.6099999999999999,47.98,287.19999999999993,-62.0,89.0,-174.3,7.179999999999999,-137.39999999999998,27.0
1770929429.5523767,0.14448371080829198,-94.83256841012812,0.07350852961053886,13.844470676343063,0.6112799741107431,47.8481789475716,287.26634087253257,-62.1099402588758,89.2707524891805,-174.28513072423527,7.375607341719265,-138.1425845452029,27.0
1770929429.5963764,0.1089437558283561,-94.83173937620158,0.0704145188430563,13.81694109415109,0.6108678520399129,47.87382857348006,287.33798702899674,-62.26901363055863,89.59954131035656,-174.29035720761152,7.621674709899165,-139.17921135781626,22.0
1770929429.6403763,0.08,-94.83,0.08,13.88,0.61,48.50999999999999,287.4,-62.4,89.89999999999999,-174.32999999999998,7.869999999999999,-140.35,22.0
1770929429.8543816,0.06986695356590157,-94.82931179680148,0.10755983064152327,14.084436321519355,0.6096525721223597,50.01781263436978,287.44192816406405,-62.445966809766645,90.10547577441774,-174.4099118094221,8.07991805724388,-141.4984577181521,22.0
1770929430.0683866,0.07313770798022287,-94.82953393587802,0.14244016935862364,14.353839710553407,0.6097608742138019,51.890659023683824,287.47126729136687,-62.43113173288585,90.22817056925702,-174.50207397649865,8.240911525900176,-142.48164249562285,3.0
1770929430.2823918,0.08,-94.83,0.17,14.579999999999998,0.6099999999999999,53.42999999999999,287.5,-62.4,90.29999999999998,-174.56999999999996,8.35,-143.16,3.0
1770929430.3263993,0.08271514159477071,-94.83018440266589,0.17958548115669398,14.682598852394271,0.610109737399818,54.11871866309698,287.5363168415813,-62.387673983539074,90.34808515388913,-174.58744426029827,8.407683392268117,-143.44432532292902,3.0
1770929430.3704066,0.08183874558408614,-94.83012488028636,0.17649147038911228,14.69288524882045,0.6100886511048802,54.16538718363631,287.57324010183225,-62.3916446230832,90.38036900520795,-174.56912466417177,8.428382890203817,-143.44681125228493,3.0
1770929430.4144142,0.08,-94.82999999999998,0.16999999999999998,14.669999999999998,0.61,53.96,287.6,-62.4,90.4,-174.53999999999996,8.43,-143.33,3.0
1770929430.4584181,0.0792724800550156,-94.82995059253484,0.1674315780650319,14.661094194829449,0.6099084782783677,53.81731271324212,287.60910076590693,-62.40333725607702,90.40959101743302,-174.51994077901412,8.427126151461406,-143.2257224716133,3.0
1770929430.5024219,0.07950730968343261,-94.82996654297655,0.16826061575159382,14.665360034905529,0.6098845213666777,53.751125575104275,287.60614267167483,-62.40228977478138,90.40961266917053,-174.50846440385132,8.421112468840109,-143.14296434708953,3.0
1770929430.5464258,0.07999999999999999,-94.83,0.16999999999999998,14.669999999999998,0.61,53.699999999999996,287.6,-62.39999999999999,90.4,-174.49999999999997,8.41,-143.06,3.0
1770929430.5904229,0.08019493818516688,-94.83001322719464,0.17068820658317835,14.66635770162125,0.6102563494867108,53.6175860394901,287.59765046516134,-62.3989769921528,90.38392114674915,-174.48982966068203,8.393812001886248,-142.96278479061797,3.0
1770929430.6344197,0.08013201568218344,-94.83000894780751,0.17046606660451258,14.662341278224108,0.6103732634284095,53.51788829372442,287.59848550776525,-62.39919627779132,90.37747661440633,-174.47664735005262,8.380500567769083,-142.86799802602388,3.0
1770929430.6784167,0.07999999999999999,-94.82999999999998,0.16999999999999998,14.669999999999998,0.61,53.43,287.6,-62.39999999999999,90.39999999999999,-174.46,8.38,-142.79999999999998,3.0
1770929430.7224345,0.07994776720431686,-94.82999649868655,0.16981559560225454,14.696808332018874,0.6090661237747884,53.376046832501196,287.6002973734478,-62.40075477531176,90.46213180297774,-174.44037020788727,8.398366581734344,-142.7753605881371,3.0
1770929430.7664526,0.0799646275878337,-94.82999766579348,0.1698751178303559,14.731941518864714,0.6086224249196848,53.3502842129611,287.5999152972647,-62.40092511405338,90.53974013246345,-174.42198323297544,8.426144519342827,-142.77948799325955,3.0
1770929430.8104703,0.08,-94.83,0.16999999999999998,14.76,0.61,53.34,287.59999999999997,-62.39999999999999,90.59999999999998,-174.40999999999997,8.45,-142.78999999999996,3.0
1770929430.85445,0.08001399299756566,-94.83000077805907,0.1700494110078034,14.769742303636576,0.613479155414135,53.3348932971718,287.60116004104736,-62.398003906600096,90.61940349319167,-174.40757839665775,8.459758708213407,-142.790217301278,3.0
1770929430.8984294,0.08000947396648185,-94.83000038901858,0.17003346207406403,14.76655931298371,0.6151370368928517,53.3343081877646,287.60185330317626,-62.397103265995185,90.61171100388806,-174.40986416249024,8.457884317822572,-142.78627222316024,3.0
1770929430.942409,0.07999999999999999,-94.82999999999998,0.17,14.76,0.61,53.339999999999996,287.59999999999997,-62.39999999999999,90.59999999999998,-174.41,8.45,-142.79,3.0
1770929430.986409,0.07999626080542047,-94.83000038907706,0.16998676036653176,14.757555786768142,0.597017254568671,53.35104664547824,287.5950624623626,-62.407229598287806,90.60099496499622,-174.4041310202964,8.441857844671278,-142.80673316971374,3.0
1770929431.0304089,0.07999747654623898,-94.83000077813223,0.16999103387338818,14.758487895867127,0.5908294275089087,53.355816369313885,287.59267149003045,-62.4106618219659,90.60600844457691,-174.40041196891553,8.439725616774291,-142.81579348446994,3.0
1770929431.0744088,0.08,-94.82999999999998,0.17,14.76,0.61,53.34,287.6,-62.4,90.59999999999998,-174.40999999999997,8.45,-142.79,3.0
1770929431.1184063,0.0800009637807524,-94.82999766563255,0.1700035475260695,14.75670121595751,0.665118492977846,53.29462382461891,287.61859010950207,-62.36937399654494,90.56920923941591,-174.44145307771208,8.473180283471848,-142.71285001986698,3.0
1770929431.1624038,0.0800006198485623,-94.8299964984525,0.17000240243238351,14.732822436881131,0.7348785864048449,53.23205596460954,287.6274607367023,-62.33061981651163,90.50499595854502,-174.4929324062922,8.486176178043229,-142.6105538389601,3.0
1770929431.2064013,0.08,-94.82999999999998,0.17,14.67,0.7899999999999999,53.169999999999995,287.6,-62.3,90.4,-174.55999999999997,8.459999999999999,-142.52,3.0
1770929431.2504015,0.07999988407156985,-94.83000894839265,0.16999904952919023,14.562676386438856,0.8091754401865966,53.119717315305394,287.5231696922218,-62.28934848960651,90.25920511437708,-174.63413074292916,8.37986546588577,-142.4663111952628,3.0
1770929431.294402,0.0800000440595119,-94.83001322805775,0.169999356397078,14.45651865290467,0.802989560205038,53.06670051298874,287.43822630390156,-62.292784837913565,90.13697068420603,-174.6904509985084,8.287791893275028,-142.42754671524543,3.0
1770929431.338402,0.07999999999999999,-94.82999999999998,0.16999999999999998,14.409999999999998,0.79,52.989999999999995,287.4,-62.29999999999999,90.09999999999998,-174.7,8.24,-142.37,3.0
1770929431.3824036,0.07999949993296812,-94.82996654079678,0.17000025435716948,14.4648154605093,0.7848464129424292,52.877247654900245,287.44799038087,-62.30286167465859,90.19767400677942,-174.6423943209415,8.279209704836934,-142.27153482871142,3.0
1770929431.4264052,0.07999920391339017,-94.82995058931647,0.1700001719793047,14.59554739594465,0.7864965061083364,52.75040124269479,287.56037478843257,-62.30194453553782,90.41008426759386,-174.53155989597064,8.394137730338157,-142.15629633709537,3.0
1770929431.4704068,0.07999999999999999,-94.83,0.17,14.759999999999998,0.7899999999999999,52.63999999999999,287.7,-62.29999999999999,90.69999999999999,-174.39,8.56,-142.06,3.0
1770929431.5144062,0.08000211619655759,-94.83012488842014,0.16999993304213182,14.92880251226464,0.7914389080436861,52.56425502805656,287.8367206361497,-62.29920481175906,91.03528404369027,-174.2348104918232,8.753666085136835,-141.9990309713729,3.0
1770929431.5584056,0.08000314028692741,-94.83018441467644,0.16999995568570347,15.123884355909302,0.7910244153616165,52.492064886602485,287.9684226905166,-62.29943701993517,91.40417372690001,-174.0614575657573,8.958620148335296,-141.91245312155837,3.0
1770929431.602405,0.08,-94.82999999999998,0.17,15.379999999999999,0.7899999999999999,52.379999999999995,288.09999999999997,-62.3,91.79999999999998,-173.86,9.16,-141.71999999999997,3.0
1770929431.6464105,0.07999203528080148,-94.8295339055226,0.17000001347430327,15.709233749691315,0.7893979548828256,52.19573223287349,288.2310530004569,-62.300319078305115,92.20193055920001,-173.631697045099,9.340200028689733,-141.37456350801918,3.0
1770929431.6904159,0.0799882349389002,-94.82931175197788,0.17000000527788167,16.032989254492183,0.7894058324451979,51.951339210895334,288.3400085235752,-62.30030738472151,92.53248008406534,-173.42260984100042,9.4706409355799,-140.96166895444895,3.0
1770929431.7344213,0.08,-94.82999999999998,0.17,16.249999999999996,0.7900000000000001,51.669999999999995,288.4,-62.29999999999999,92.7,-173.29,9.52,-140.6,3.0
1770929431.7784164,0.08002974268023647,-94.83173948948941,0.17000001306065504,16.28981804452556,0.7909692724250114,51.37985307748658,288.3946229175779,-62.29951887502045,92.6495863121021,-173.27173466111418,9.471830096400481,-140.38086314469845,3.0
1770929431.8224113,0.08004391995747184,-94.83256857741203,0.17000002320277008,16.205269737233056,0.7913522548575929,51.12887456611255,288.3493209929605,-62.2993334411788,92.47331334424601,-173.3281030702413,9.369186479715465,-140.28605624583113,3.0
1770929431.8664064,0.07999999999999999,-94.83,0.16999999999999998,16.08,0.79,50.96999999999999,288.3,-62.29999999999999,92.3,-173.4,9.269999999999998,-140.27,3.0
1770929431.91041,0.07988899399825265,-94.82350813651968,0.1699999342830766,15.986308887021238,0.786724955417129,50.9337443460691,288.27564051441635,-62.30160542161306,92.22935382202111,-173.4387717178516,9.220998104226865,-140.28828020948328,3.0
1770929431.9544134,0.07983608523121252,-94.82041393837402,0.16999990191103828,15.95111698176079,0.7851851481244317,50.96094030243228,288.2775223193979,-62.302358850563294,92.24463690932104,-173.43757047062712,9.22409462703973,-140.30114309926367,3.0
1770929431.998417,0.07999999999999999,-94.83,0.16999999999999998,15.99,0.79,50.97,288.3,-62.29999999999999,92.3,-173.39999999999998,9.269999999999998,-140.27,3.0
1770929432.0424216,0.08041428132675289,-94.8575612977651,0.1700002498070385,16.10494640738949,0.8021309059064725,50.906280649348105,288.33614835809,-62.29405943852725,92.35522062203557,-173.33354883784972,9.345288597803167,-140.17601601736848,3.0
1770929432.0864265,0.08061173911767819,-94.89244233575859,0.17000036915307698,16.24359566905712,0.8079071526446809,50.82291977971391,288.37392306278156,-62.29123115656804,92.39258346291435,-173.2612446768799,9.419990567681166,-140.07937135711433,3.0
1770929432.1304312,0.07999999999999999,-94.91999999999999,0.16999999999999998,16.34,0.79,50.8,288.3999999999999,-62.3,92.39999999999999,-173.20999999999998,9.46,-140.06,3.0
1770929432.174427,0.07845388069473576,-94.92958000575317,0.16999906648876925,16.347979557494842,0.7380847542903154,50.89002194542732,288.40569197914954,-62.325860527981575,92.37198591205872,-173.19703293074946,9.441921578634519,-140.1672853506725,3.0
1770929432.2184231,0.0777169582980748,-94.9264833852584,0.16999862147665395,16.30042626793665,0.669852907963514,51.03515835648991,288.40085950355007,-62.36234615279421,92.32947368346608,-173.20078415518674,9.385202361494864,-140.3284085093163,3.0
1770929432.262419,0.07999999999999999,-94.92,0.17,16.249999999999996,0.6099999999999999,51.14999999999999,288.3999999999999,-62.39999999999999,92.29999999999998,-173.18999999999997,9.32,-140.44,3.0
1770929432.306418,0.08577019589430399,-94.91745201255551,0.1700034842378844,16.236098325594103,0.5755300769322808,51.16807601338698,288.4114540956819,-62.43583178287971,92.30128017417393,-173.1427638835968,9.269247309880985,-140.42632406142292,3.0
1770929432.3504167,0.08852042769002262,-94.91829078987462,0.1700051449403074,16.245069629566665,0.5526812155012718,51.09866901654869,288.41893521931456,-62.492717565588485,92.31174402544356,-173.07450759126212,9.226977764117173,-140.32217979080585,3.0
1770929432.3944156,0.08,-94.91999999999999,0.17,16.249999999999996,0.52,50.96999999999999,288.4,-62.599999999999994,92.29999999999998,-173.00999999999996,9.179999999999998,-140.19,3.0
1770929432.4384153,0.055502372765085795,-94.92061194402473,0.16998699655969324,16.23133084383244,0.46349864168427796,50.81100733435804,288.34108423071496,-62.77155308124027,92.24511561346769,-172.96857820152982,9.119978070730438,-140.08075173696912,3.0
1770929432.4824147,0.02449762723813207,-94.92035345524319,0.16998079876211675,16.198924843426326,0.3990518596610352,50.653498910648686,288.2641403599326,-62.959376177444476,92.16799465920413,-172.94785214643153,9.057997693147566,-139.99953899412705,3.0
1770929432.5264144,-1.951874744320887e-18,-94.91999999999999,0.17,16.17,0.35,50.529999999999994,288.2,-63.1,92.09999999999998,-172.94,9.009999999999998,-139.93999999999997,3.0
1770929432.5704293,-0.008520427695381316,-94.92010021134551,0.17004852952334273,16.1578375583354,0.3330679489232164,50.46382057510678,288.1723571296062,-63.14832626252952,92.0664055201034,-172.9377381250986,8.987877444234307,-139.89659491662647,3.0
1770929432.6144443,-0.005770195901806844,-94.92029538915268,0.17007166001122578,16.15997173746879,0.33851875326200254,50.44140941493067,288.17635519280714,-63.13274068759661,92.06812918959183,-172.93593567486374,8.987327759588863,-139.86707164009349,3.0
1770929432.6584592,3.808514182767504e-19,-94.91999999999999,0.16999999999999998,16.17,0.35,50.44,288.2,-63.1,92.1,-172.92999999999998,9.0,-139.85,3.0
1770929432.7024496,0.0022830417201451948,-94.91898721059314,0.16981888534693576,16.18398558949262,0.35459993299323106,50.44074740225185,288.2324502138229,-63.08699372049347,92.15592897278529,-172.91639522400158,9.018882522702704,-139.84323896689529,3.0
1770929432.74644,0.0015461193320585175,-94.91846498814611,0.1697325611929803,16.207854873365196,0.35316942358725173,50.44049305925829,288.2674759058761,-63.09114255365063,92.22615524909527,-172.89581256152096,9.042320898126608,-139.8418040751288,3.0
1770929432.7904303,6.706834705205054e-20,-94.91999999999999,0.17,16.25,0.3499999999999999,50.43999999999999,288.3,-63.099999999999994,92.29999999999998,-172.87,9.069999999999999,-139.84,3.0
1770929432.834426,-0.0006117391851994661,-94.92395094628188,0.17067592908891416,16.31029415776818,0.3485323191038591,50.4398564825524,288.3237679410279,-63.10369885549658,92.36173044060722,-172.84408838630242,9.097703576065982,-139.8345232898664,3.0
1770929432.8784213,-0.0004142814264272266,-94.92584465826287,0.1709980952168532,16.354534694996364,0.3488035523889905,50.43995168136952,288.3278152577628,-63.10268909780094,92.37539796217526,-172.83674000497845,9.105610870126926,-139.83163798531734,3.0
1770929432.922417,-1.991634782667097e-21,-94.92,0.16999999999999998,16.34,0.34999999999999987,50.43999999999999,288.3,-63.1,92.29999999999998,-172.86999999999998,9.07,-139.84,3.0
1770929432.9664311,0.00016391502065267,-94.90187567094596,0.1641440649640748,16.238171112767976,0.3512707905913319,50.439826667538476,288.2317372813248,-63.098210857520186,92.10826037589688,-172.95799197152945,8.974747617477806,-139.86385305882428,3.0
1770929433.0104456,0.00011100637365038895,-94.87148971213577,0.1396083912729415,16.077339679982703,0.35161636685678604,50.43970021526362,288.12867047048053,-63.09810105514567,91.82780845775928,-173.08315334449125,8.834124510254584,-139.8897921317501,3.0
1770929433.0544598,1.4590058489741983e-20,-94.82999999999998,0.08000000000000002,15.899999999999999,0.3499999999999999,50.44,287.99999999999994,-63.099999999999994,91.49999999999999,-173.22,8.669999999999998,-139.89999999999998,3.0
1770929433.098451,-4.392089741121371e-05,-94.78521303660095,-0.02317811487112979,15.746651020789573,0.34638451853081265,50.44083684729363,287.8566903410803,-63.103457714422646,91.14967250024971,-173.34690669054257,8.504046694763558,-139.88413854891058,3.0
1770929433.142442,-2.974406817432917e-05,-94.77152982652748,-0.1468390677160185,15.649810288776559,0.34473098018386517,50.44124745757601,287.71676211957464,-63.10490668161644,90.73559042900995,-173.45768365409367,8.35715034811402,-139.86178608027492,3.0
1770929433.186433,-7.467689732684411e-22,-94.83,-0.25999999999999995,15.639999999999999,0.3499999999999999,50.44,287.59999999999997,-63.1,90.19999999999999,-173.55,8.25,-139.86,3.0
1770929433.2304282,1.1768568992184904e-05,-94.96060551598353,-0.33920938325730204,15.705224804073767,0.36319113528541697,50.43052964699067,287.52298283583536,-63.0879582847892,89.60416073421548,-173.6240108959299,8.188695233097631,-139.88922237516297,3.0
1770929433.2744231,7.969899046927758e-06,-94.99905764842106,-0.3911410092977399,15.66341916491109,0.36945971240775344,50.384939584061975,287.4894662364064,-63.08227221838864,89.48538538175664,-173.68981574283788,8.12097780099307,-139.89343391752075,3.0
1770929433.3184183,-4.503821244865962e-22,-94.74,-0.42999999999999994,15.289999999999997,0.35,50.27,287.5,-63.099999999999994,90.5,-173.76,7.9799999999999995,-139.79999999999998,3.0
1770929433.3624227,-3.153378557525897e-06,-94.05458712168715,-0.4666510187663053,14.435042355508005,0.3008509403275189,50.067044564743675,287.5439709081707,-63.14470914642048,93.00775863696232,-173.855197873886,7.722283483957066,-139.5660089874745,3.0
1770929433.4064271,-2.1355280133818683e-06,-93.12001735756614,-0.4985968950930128,13.247253792319885,0.27743017018512106,49.81566087284281,287.566113675541,-63.16600444482905,96.18212730322271,-174.0282385597401,7.397827336802617,-139.26744121260526,3.0
1770929433.4504316,-2.222061270961146e-22,-92.18999999999998,-0.52,11.95,0.3499999999999999,49.57,287.5,-63.099999999999994,98.89999999999999,-174.34,7.08,-139.01,3.0
1770929433.494432,8.449452379186826e-07,-91.47141636763844,-0.5271495046404276,10.748309477598214,0.5593310293304284,49.373884686627285,287.3085409388891,-62.91098290730658,100.33147138460114,-174.81186427519268,6.830689349592702,-138.87192686012415,3.0
1770929433.5384324,5.722130065997112e-07,-90.98383588427751,-0.5248417807005754,9.773861962105851,0.828227014259161,49.22982433197428,287.072004987356,-62.675932224517425,100.8194387386855,-175.30723001820178,6.665860999944661,-138.8216160468732,3.0
1770929433.5824327,6.894392918978077e-24,-90.7,-0.5199999999999999,9.14,1.0499999999999998,49.13,286.8999999999999,-62.49999999999999,101.0,-175.64999999999998,6.59,-138.8,3.0
1770929433.6264465,-2.2640239414883387e-07,-90.57271037072219,-0.5180842960053148,8.902830845210566,1.1433064238321908,49.06741668874724,286.8737171881246,-62.45950737250132,101.4219113801882,-175.71364132163947,6.6019961547092185,-138.7618391275844,3.0
1770929433.6704605,-1.5332401301697734e-07,-90.4750094756943,-0.5187026487713522,8.889520581479072,1.1281802912967251,49.0383751325935,286.96068118984994,-62.51545184228648,102.28456218647962,-175.56987840448983,6.6783582930483965,-138.71720571101324,3.0
1770929433.7144742,-9.960782751246549e-24,-90.25999999999999,-0.5199999999999999,8.87,1.05,49.04,287.1,-62.599999999999994,103.7,-175.34,6.789999999999999,-138.69,3.0
1770929433.7588003,6.066433867665276e-08,-89.82959400132471,-0.520513311338313,8.673700474892945,0.9504062383037546,49.06681892875414,287.24103475305674,-62.6583950100955,105.69569790946048,-175.12320006787903,6.9139186241630055,-138.69590181472344,3.0
1770929433.8031263,4.108304546819801e-08,-89.2809410277602,-0.5203476242140157,8.368055711977897,0.856088857590977,49.102971433948056,287.37415914213324,-62.68818633226262,107.9608310339144,-174.93029340087602,7.051446568602487,-138.71770925722223,3.0
1770929433.8474524,3.1702360340991214e-24,-88.75999999999999,-0.52,8.08,0.7899999999999999,49.129999999999995,287.5,-62.7,110.09999999999998,-174.74999999999997,7.21,-138.73,3.0
1770929433.8917785,-1.6254960557777227e-08,-88.374839549905,-0.5198624586414332,7.904589477439941,0.7676612155454042,49.135307596236174,287.61769935520385,-62.70320888341298,111.82122290789516,-174.57503988832585,7.3915886078979725,-138.71529435426254,3.0
1770929433.9361043,-1.100816885581475e-08,-88.08196715400572,-0.5199068543725851,7.8093676817204924,0.7748716857467856,49.129739131614315,287.7204600193952,-62.702173199033474,113.24618775193659,-174.41413317719136,7.576596173282376,-138.68788318602387,3.0
1770929433.9804304,1.174480665620569e-24,-87.8,-0.52,7.73,0.79,49.13,287.8,-62.699999999999996,114.6,-174.28,7.74,-138.66999999999996,3.0
1770929434.0247788,4.355503554456162e-09,-87.46438113238862,-0.5200368540959538,7.608311985717715,0.7959859365516715,49.14824698259746,287.84742708538687,-62.699139826622954,116.0564474959953,-174.18367741585456,7.860467684985785,-138.67810595341143,3.0
1770929434.0691276,2.9496299550609994e-09,-87.07785702288365,-0.5200249582956444,7.410769857436464,0.7940540290515115,49.178442409965136,287.8514081876935,-62.699417167899846,117.58404758796871,-174.1294701866549,7.931427997527249,-138.70557281349707,3.0
1770929434.113476,4.208803583770675e-25,-86.66,-0.52,7.109999999999999,0.79,49.21,287.79999999999995,-62.7,119.1,-174.12,7.949999999999999,-138.73999999999998,3.0
1770929434.1574655,-1.1670536600474125e-09,-86.22763592054059,-0.5199901249747513,6.693273690800377,0.788395038247909,49.23244521411471,287.688888599545,-62.7002318100952,120.55669081182678,-174.15025044825578,7.921355466973666,-138.7685781283878,3.0
1770929434.201455,-7.903509644292434e-10,-85.7866047544598,-0.5199933124448377,6.20644177742259,0.788912198047169,49.23575048778445,287.54427760020127,-62.70015812936717,122.04725152581804,-174.18465274285575,7.882877021793815,-138.77686259702494,3.0
1770929434.2454445,-3.3955789084518327e-26,-85.34,-0.5199999999999999,5.71,0.79,49.209999999999994,287.4,-62.699999999999996,123.7,-174.17999999999998,7.88,-138.74999999999997,3.0
1770929434.2894502,3.127110857334902e-10,-84.88840851878247,-0.5200026460050405,5.2537784362660975,0.790433910456692,49.15197216094367,287.2822037016182,-62.699932932996205,125.59827073817846,-174.10643190223328,7.945221558230653,-138.68128523674093,3.0
1770929434.333456,2.117739026559748e-10,-84.42239062594395,-0.5200017919250052,4.844944514354735,0.7902971787598132,49.08522230556376,287.1862962263163,-62.69995031463153,127.64546482727748,-173.9874743974778,8.059286137519718,-138.59660642803286,3.0
1770929434.3774617,3.1597876203961623e-26,-83.93,-0.52,4.48,0.7899999999999999,49.04,287.1,-62.7,129.7,-173.86,8.189999999999998,-138.52999999999997,3.0
1770929434.421454,-8.379068288654825e-11,-83.40243370803336,-0.5199992910050862,4.148279230802043,0.7898693199253225,49.03559206803652,287.0082225199079,-62.700036457919964,131.67244845768087,-173.75254046132957,8.311091633437027,-138.5044290727965,3.0
1770929434.465446,-5.67446461946556e-11,-82.84346237139427,-0.5199995198551421,3.8104468318252094,0.7898990869135791,49.04743436403464,286.88461156860785,-62.70004061210676,133.6820002761829,-173.66026448204806,8.419978428127296,-138.49856354269562,3.0
1770929434.5094383,8.134583353488195e-27,-82.26,-0.52,3.4199999999999995,0.7899999999999999,49.03999999999999,286.7,-62.699999999999996,135.89999999999998,-173.56999999999996,8.52,-138.48,3.0
1770929434.5534399,2.24516458127029e-11,-81.6551899824176,-0.5200001899746146,2.940882418303639,0.7900888098420176,48.98936327061394,286.4330543668982,-62.69992123532393,138.44156506072682,-173.473035882078,8.613004500613794,-138.4254429165173,3.0
1770929434.5974412,1.5204682122647748e-11,-81.01709322181253,-0.520000128654427,2.3788237139000543,0.790106473585871,48.91800320126066,286.0937760177709,-62.69988723694144,141.196904438361,-173.37850471136704,8.69487422404516,-138.34802829007373,3.0
1770929434.6414428,1.3623854353160642e-27,-80.32999999999998,-0.5199999999999999,1.7499999999999998,0.79,48.86,285.7,-62.699999999999996,144.0,-173.3,8.76,-138.27,3.0
1770929434.685441,-6.015900364263319e-12,-79.5931026585927,-0.5199999490964554,1.0815244293169093,0.7897754407066067,48.836954849507684,285.2743748273141,-62.70027860078428,146.70203204015166,-173.2438345288769,8.808001475218878,-138.2067622240972,3.0
1770929434.7294395,-4.074082295935363e-12,-78.8652017783928,-0.5199999655271502,0.4442583125746693,0.7896750187429376,48.82055283092275,284.85880287882725,-62.7004104401275,149.22297456296536,-173.18719815396543,8.85941356458095,-138.1463603340467,3.0
1770929434.7734377,-3.5650543600652533e-28,-78.22,-0.52,-0.08000000000000002,0.79,48.769999999999996,284.5,-62.7,151.5,-173.1,8.939999999999998,-138.07,3.0
1770929434.8174405,1.6119556443503825e-12,-77.70499197580438,-0.5200000136395637,-0.4392023577933009,0.7908094273315556,48.65985436839234,284.22500187940125,-62.69896436153894,153.5095660379249,-172.9627371135255,9.066100709621773,-137.96565633524207,3.0
1770929434.8614435,1.0916470610937102e-12,-77.26284040535715,-0.5200000092369723,-0.7003014086430842,0.7911934514423796,48.526081771344685,283.98212357803175,-62.6984710025486,155.38527138385135,-172.7982582283271,9.216360406519916,-137.84838222559142,3.0
1770929434.9054463,4.260001790414335e-29,-76.81,-0.52,-0.9599999999999999,0.79,48.419999999999995,283.7,-62.699999999999996,157.29999999999998,-172.64,9.36,-137.74,3.0
1770929434.9494557,-4.3192221313821024e-13,-76.28137388263443,-0.5199999963452899,-1.2928631462917277,0.7869868499671708,48.37622026951557,283.3256176550809,-62.703863953059944,159.3967408451849,-172.51077257257663,9.476854945553237,-137.65542724974938,3.0
1770929434.9934654,-2.925059484394772e-13,-75.68565882240097,-0.5199999975249608,-1.6849045298541285,0.7855511754875448,48.36252749110596,282.87936947571285,-62.70570554967814,161.6989028645921,-172.3908800438375,9.589218883413434,-137.58196261543958,3.0
1770929435.0374749,-2.2153914588395199e-29,-75.05,-0.52,-2.1,0.79,48.33,282.4,-62.7,164.19999999999996,-172.24999999999997,9.729999999999999,-137.5,3.0
1770929435.0814645,1.1573320820245852e-13,-74.40284582699142,-0.5200000009792766,-2.5000857977804056,0.8012431727997608,48.24267196095277,281.92437935212683,-62.685579826221286,166.86272984059386,-172.0630614850568,9.922775804461521,-137.39411614724185,3.0
1770929435.125454,7.837673266419838e-14,-73.77785763837248,-0.5200000006631849,-2.8393397311996003,0.8066018466074418,48.11640085682409,281.4818800005985,-62.678706798738894,169.52652456518734,-171.82599937410083,10.15380109686336,-137.2656191645023,3.0
1770929435.1694436,-3.419642944412633e-30,-73.21,-0.52,-3.0699999999999994,0.7899999999999999,47.97999999999999,281.09999999999997,-62.7,171.99999999999997,-171.54,10.399999999999999,-137.12,3.0
1770929435.2134442,-3.101061967162389e-14,-72.71946503162229,-0.5199999997376036,-3.1701269959198703,0.7413737921671201,47.859388182969646,280.78797604752276,-62.76122414946233,174.15604349614227,-171.21475926497394,10.639078873637644,-136.96662667980178,3.0
1770929435.2574449,-2.1000982217316354e-14,-72.26735506855368,-0.5199999998223003,-3.221069878680759,0.6747081047493574,47.76890611863472,280.48199941078235,-62.8387265146256,176.12462850428776,-170.89401134864823,10.851873025429395,-136.8303755413662,3.0
1770929435.3014455,-6.523305004260689e-31,-71.79999999999998,-0.52,-3.33,0.6099999999999999,47.72,280.1,-62.89999999999999,178.09999999999997,-170.62999999999997,11.02,-136.74,3.0
1770929435.3454444,8.309270484037029e-15,-71.27373849096392,-0.5200000000703089,-3.581998811132649,0.5632616585317737,47.71607160346494,279.57927201333763,-62.921375427781236,180.2390221007621,-170.45864219578817,11.132760552839684,-136.71159935577336,3.0
1770929435.3894436,5.627196205067054e-15,-70.6849443096351,-0.5200000000476146,-3.9737881614847477,0.5345657343951378,47.72834503900743,278.93456680071705,-62.9145352909069,182.5490354917354,-170.3505478238989,11.210188282900521,-136.71065644781072,3.0
1770929435.4334426,9.178036643724355e-31,-70.04,-0.52,-4.48,0.52,47.71999999999999,278.2,-62.9,185.0,-170.26,11.28,-136.68999999999997,3.0
1770929435.4774444,-2.226462264524228e-15,-69.35224767118882,-0.5199999999811608,-5.068174055845716,0.5155795737057968,47.66669577354095,277.4097507139416,-62.894014880153456,187.54712736006775,-170.15141269261406,11.364323359448017,-136.61771663784546,3.0
1770929435.5214465,-1.5078026029518634e-15,-68.66286769290608,-0.5199999999872418,-5.67748117908389,0.5170289576700963,47.594010021631846,276.5982519048685,-62.89572491433945,190.08663693617774,-170.02972328168218,11.462929398524064,-136.52292459331684,3.0
1770929435.5654483,1.119075605322174e-31,-68.02,-0.52,-6.239999999999999,0.5199999999999999,47.54,275.8,-62.9,192.5,-169.91,11.569999999999999,-136.45,3.0
1770929435.609482,5.965785740598849e-16,-67.44986341687357,-0.5200000000050479,-6.706416076595417,0.5210867133117076,47.53047863570457,275.0335769827478,-62.902565051604924,194.73172771822527,-169.79866999671853,11.68439045381265,-136.4267933521039,3.0
1770929435.653516,4.0401420674040097e-16,-66.8909923261482,-0.5200000000034186,-7.10184267773516,0.5206517682578112,47.54228154113187,274.2539070612909,-62.90256505173532,196.9784908376274,-169.66759608640956,11.823649678558757,-136.41505258632935,3.0
1770929435.6975498,-6.497737741671452e-33,-66.26,-0.5199999999999999,-7.469999999999999,0.52,47.53999999999999,273.3999999999999,-62.9,199.49999999999994,-169.47999999999996,12.009999999999998,-136.35999999999999,3.0
1770929435.741539,-1.5985203171531124e-16,-65.50607643909485,-0.5199999999986473,-7.8424579340687535,0.5200735730473725,47.495093387344454,272.43742283654865,-62.89572491342679,202.44818398925233,-169.213166579771,12.254411121597618,-136.22325810188704,3.0
1770929435.7855284,-1.0825422400974026e-16,-64.70871855805689,-0.5199999999990841,-8.202185147012441,0.5203639692986595,47.40649344347032,271.4379717018201,-62.894014878719304,205.54384415775675,-168.90063311342044,12.522842257611245,-136.03205024655108,3.0
1770929435.8295176,-1.452880629357804e-32,-63.97999999999999,-0.52,-8.52,0.5199999999999999,47.279999999999994,270.49999999999994,-62.9,208.4,-168.59,12.77,-135.83,3.0
1770929435.8735023,4.282955280135991e-17,-63.39768267859904,-0.5200000000003624,-8.780789224166476,0.5186189944988026,47.12544411121389,269.6908057451316,-62.91453529468785,210.7384992877272,-168.3216266471603,12.962779874611599,-135.65165572182946,3.0
1770929435.917487,2.9002689298559926e-17,-62.90228158977253,-0.5200000000002455,-9.025713030511321,0.5178923545475514,46.96878172202394,268.9534653906881,-62.92137543338752,212.71650290171567,-168.10690849694595,13.116833142848082,-135.49526494598507,3.0
1770929435.9614716,1.3140654104564593e-33,-62.4,-0.5199999999999999,-9.31,0.52,46.839999999999996,268.2,-62.89999999999999,214.59999999999997,-167.94999999999996,13.259999999999998,-135.35,3.0
1770929436.0058002,-1.1466179490128449e-17,-61.82393358724986,-0.5199999999999029,-9.670311095191163,0.5287837822907497,46.7594264640963,267.3660208495916,-62.83872650041433,216.5941151561343,-167.8481046093655,13.414839750326284,-135.20826715894333,3.0
1770929436.0501292,-7.756533184499472e-18,-61.21474767544569,-0.5199999999999343,-10.069036805016305,0.5547332791778006,46.70875003880436,266.4815000687611,-62.7612241284714,218.66051460575073,-167.7706217876848,13.582788133959365,-135.0754084880273,3.0
1770929436.0944579,-6.821557852589119e-35,-60.64,-0.5199999999999999,-10.45,0.6100000000000001,46.65999999999999,265.6,-62.699999999999996,220.69999999999996,-167.67999999999998,13.76,-134.96,3.0
1770929436.1387975,3.0351651591538944e-18,-60.14621260203132,-0.5200000000000258,-10.769077506179855,0.6992088393011523,46.59092410647496,264.7599256713169,-62.67870685180294,222.64800305069772,-167.54484380426658,13.943787050009131,-134.86416453128612,3.0
1770929436.1831372,2.023443439437963e-18,-59.69576474548188,-0.5200000000000174,-11.030361971645627,0.7968782324449435,46.502144048684556,263.93905285278646,-62.68557990457879,224.57847571231832,-167.3583821300928,14.136088395388505,-134.7642122130169,3.0
1770929436.2274768,5.01572054665391e-35,-59.22999999999999,-0.52,-11.25,0.8699999999999999,46.4,263.1,-62.699999999999996,226.6,-167.12,14.339999999999998,-134.62999999999997,3.0
1770929436.271812,-6.744811464871273e-19,-58.705290078699086,-0.5199999999999936,-11.445601102311533,0.8951216012453581,46.28984007296681,262.2127949836596,-62.70570535163314,228.78424301144432,-166.83437202542004,14.555567605192676,-134.44137101220838,3.0
1770929436.3161469,-3.3724057325238205e-19,-58.138119268552806,-0.5199999999999961,-11.640626419512257,0.887013050301674,46.173044136827784,261.27710333490836,-62.703863660620904,231.05521217460551,-166.5273311734257,14.770636062264364,-134.2181130302755,3.0
1770929436.360482,-1.0031441093381126e-34,-57.56,-0.52,-11.86,0.8699999999999999,46.05,260.3,-62.699999999999996,233.3,-166.23,14.97,-133.98999999999998,3.0
1770929436.4044712,-3.3724057320538493e-19,-56.99559004613545,-0.52,-12.118888454944301,0.8632677186803711,45.923048934991144,259.2888943940451,-62.698471741664484,235.43724712574635,-165.96507550146066,15.144683269960835,-133.78257364210256,3.0
1770929436.44846,-6.744811464284352e-19,-56.442128550677374,-0.5199999999999986,-12.393428646601606,0.8654399367187304,45.802346070671035,258.25253380758056,-62.698965452937635,237.51178670037064,-165.7215524354638,15.310626614813284,-133.60444677699223,3.0
1770929436.4924493,2.8690277345579803e-34,-55.88999999999999,-0.52,-12.65,0.87,45.7,257.2,-62.699999999999996,239.6,-165.47999999999996,15.49,-133.45999999999998,3.0
1770929436.5364707,2.0234434393086672e-18,-55.33234973675929,-0.5200000000000068,-12.868845077911176,0.8718075240331572,45.62426048336493,256.13903484756776,-62.7004076817089,241.74824996705092,-165.22902967244096,15.695328944593554,-133.35055664160356,3.0
1770929436.5804923,3.035165158966123e-18,-54.77336652873783,-0.5200000000000105,-13.085658994081282,0.8712272028234048,45.56794195085852,255.07202069402913,-62.70027452762859,243.88282620909698,-164.98942204768218,15.90056118218619,-133.2652109728668,3.0
1770929436.6245136,3.6505194299459207e-34,-54.21999999999999,-0.52,-13.349999999999998,0.87,45.519999999999996,254.0,-62.699999999999996,245.9,-164.78999999999996,16.069999999999997,-133.18999999999997,3.0
1770929436.6685166,-7.756533184029283e-18,-53.675011006827546,-0.5199999999999729,-13.6957312334109,0.8695021851869995,45.470649872289925,252.9179291786471,-62.69989753149988,247.74382708012322,-164.64547247544203,16.182149099813028,-133.1114960877794,3.0
1770929436.7125196,-1.1466179489436055e-17,-53.124405334371424,-0.51999999999996,-14.093935377073226,0.8696512519876511,45.41514538515419,251.7964204533403,-62.69993643654803,249.54950105583396,-164.51409270714086,16.272313841627117,-133.01841303524438,3.0
1770929436.7565227,1.719563354462858e-33,-52.54999999999999,-0.5199999999999999,-14.499999999999998,0.8699999999999999,45.35,250.59999999999997,-62.7,251.5,-164.33999999999997,16.389999999999997,-132.9,3.0
1770929436.800501,2.900268929680847e-17,-51.94130993963438,-0.5200000000001012,-14.87156332177842,0.8701837352188442,45.27573262006797,249.3114706600661,-62.700002192291585,253.7208861569,-164.08241375912408,16.57385243393205,-132.75234789616775,3.0
1770929436.8444796,4.2829552798778096e-17,-51.318641763406234,-0.5200000000001495,-15.175266164292427,0.8701677892259913,45.20888391593216,247.98674193705446,-62.69997972617935,256.108058456456,-163.76087379042113,16.81907234019421,-132.59891466393364,3.0
1770929436.888458,-1.1351955908872127e-32,-50.709999999999994,-0.5199999999999999,-15.38,0.87,45.17000000000001,246.7,-62.7,258.5,-163.40999999999997,17.11,-132.46999999999997,3.0
1770929436.93246,-1.0825422400320462e-16,-50.135675160561014,-0.5199999999996221,-15.471719183179005,0.8697628739376235,45.17012335114191,245.49915114405164,-62.700093699333756,260.7763319959797,-163.05672433991342,17.429478201495726,-132.38133454977188,3.0
1770929436.9764624,-1.598520317056764e-16,-49.58510168607785,-0.5199999999994422,-15.504629595386664,0.8696775911083849,45.182281914080164,244.3269821688126,-62.70014465873463,262.9812280813049,-162.6972269459895,17.754359760558962,-132.29037275346556,3.0
1770929437.0204644,-3.5403262768476834e-32,-49.03999999999999,-0.5199999999999999,-15.549999999999999,0.8699999999999999,45.169999999999995,243.1,-62.7,265.19999999999993,-162.31999999999996,18.06,-132.14,3.0
1770929437.0644715,4.040142067160099e-16,-48.48302645515874,-0.5200000000014096,-15.661189575135145,0.8707647690306615,45.107477679068104,241.75488772669075,-62.69962301037335,267.4997117851062,-161.9177259182592,18.330827352677538,-131.89490649733725,3.0
1770929437.1084783,5.965785740239273e-16,-47.900581121912126,-0.5200000000020816,-15.81991915786462,0.8711218463404696,45.01161805737684,240.30903309139927,-62.6994416388822,269.8744366257317,-161.49984805525062,18.587562691643964,-131.6070017296115,3.0
1770929437.1524854,-1.2642323028299554e-31,-47.28,-0.52,-15.989999999999998,0.87,44.90999999999999,238.79999999999998,-62.699999999999996,272.3,-161.07999999999998,18.859999999999996,-131.34999999999997,3.0
1770929437.1964822,-1.5078026028608353e-15,-46.61592272250788,-0.5199999999947392,-16.140189182947037,0.8671780499397301,44.82255852517827,237.26277943066736,-62.70141425917281,274.754450493224,-160.6657053203831,19.170545721127354,-131.17348390532354,3.0
1770929437.2404792,-2.2264622643900333e-15,-45.93220345590343,-0.5199999999922319,-16.259027106488183,0.8658350235297375,44.738653263819906,235.72207065077583,-62.70208878573665,277.22472911947193,-160.2400474996749,19.5120561395318,-131.03050921697732,3.0
1770929437.284476,5.246615817083546e-31,-45.26,-0.5199999999999999,-16.34,0.87,44.63999999999999,234.19999999999996,-62.7,279.69999999999993,-159.77999999999997,19.869999999999997,-130.84999999999997,3.0
1770929437.3284883,5.627196204727332e-15,-44.62254191406919,-0.5200000000196334,-16.378424063447028,0.8805230312104175,44.51636229429287,232.7051056617512,-62.6947199529354,282.178782538293,-159.26723057798623,20.23365642947959,-130.58226899247958,3.0
1770929437.372501,8.309270483536206e-15,-44.01134579521508,-0.5200000000289914,-16.37693537914561,0.8855380595405812,44.389694813269486,231.1915731943866,-62.69220321817129,284.6970172667506,-158.7021841682723,20.607546083562124,-130.26318362470138,3.0
1770929437.4165132,-3.221252863150358e-30,-43.41,-0.52,-16.339999999999996,0.8699999999999999,44.28999999999999,229.59999999999997,-62.7,287.3,-158.08999999999997,21.0,-129.94999999999996,3.0
1770929437.4604952,-2.1000982216048497e-14,-42.80465036195628,-0.5199999999267269,-16.279077526227784,0.8244335289223039,44.23791822357619,227.89457570010592,-62.72340963278925,289.99708602026953,-157.44537236767212,21.41075448688008,-129.68818086549877,3.0
1770929437.504477,-3.10106196697548e-14,-42.19167262249568,-0.519999999891803,-16.23360174729975,0.7616423679375697,44.21664155717625,226.13385879390037,-62.75872797120789,292.65386848019193,-156.821215827236,21.80516693362707,-129.47601554347634,3.0
1770929437.548459,-3.67982186860083e-30,-41.57,-0.52,-16.25,0.7,44.199999999999996,224.4,-62.79999999999999,295.1,-156.27999999999997,22.14,-129.3,3.0
1770929437.5924628,7.837673265946666e-14,-40.93811589736514,-0.520000000273459,-16.361562127938125,0.6543354456929732,44.16937221880977,222.74251746375145,-62.84127114553717,297.23287338062795,-155.86127995132534,22.389251548925884,-129.1461186566364,3.0
1770929437.6364663,1.15733208195483e-13,-40.29270445554309,-0.5200000004037972,-16.549028002025764,0.6252998761165557,44.136331550618095,221.08039903741977,-62.876588600700885,299.2208421458148,-155.51295252278382,22.59586025600363,-128.99830975694886,3.0
1770929437.68047,-1.992478311305489e-29,-39.63,-0.52,-16.78,0.6099999999999999,44.11999999999999,219.3,-62.89999999999999,301.3,-155.15999999999997,22.82,-128.83999999999997,3.0
1770929437.724472,-2.925059484218181e-13,-38.950293455990774,-0.5199999989794366,-17.021710999056694,0.6052617253428513,44.13051882711062,217.3316507411851,-62.90780208135831,303.6343834201809,-154.74432264184142,23.10594302111998,-128.65771487832612,3.0
1770929437.768474,-4.319222131121772e-13,-38.27010214792473,-0.5199999984930086,-17.23991587422681,0.6067877572258416,44.14210631442545,215.28158209345807,-62.905287996358986,306.0997999735858,-154.27549260014737,23.43435500532135,-128.450375058358,3.0
1770929437.8124762,1.606282374196071e-29,-37.61,-0.52,-17.399999999999995,0.61,44.11999999999999,213.3,-62.9,308.5,-153.78,23.769999999999996,-128.22,3.0
1770929437.8564744,1.091647061027806e-12,-36.9866362045979,-0.5200000038087944,-17.478630912872063,0.61128431960229,44.0422561764514,211.50124994187922,-62.89789089939992,310.6814447904995,-153.2821702220498,24.084754144371864,-127.97154034857768,3.0
1770929437.9004729,1.6119556442532261e-12,-36.40096102683221,-0.5200000056241691,-17.497604797363277,0.6108824283134121,43.938206154643076,209.8562355517115,-62.898555710159506,312.6614394413232,-152.79766966921954,24.378941944933153,-127.72167149110075,3.0
1770929437.9444711,-2.126168383019371e-28,-35.85,-0.52,-17.49,0.61,43.849999999999994,208.3,-62.89999999999999,314.49999999999994,-152.34,24.659999999999997,-127.49,3.0
1770929437.9884717,-4.074082295689406e-12,-35.32686542932152,-0.5199999857853859,-17.486357942047604,0.6096009962479882,43.80712313375043,206.76334949129856,-62.90063432104197,316.2620596400425,-151.91551498847795,24.934299660651696,-127.28797557921506,3.0
1770929438.0324724,-6.015900363900728e-12,-34.80901670770952,-0.5199999790103155,-17.507072343727486,0.6096825295205107,43.78840240033561,205.16014236636303,-62.90048916300302,318.0322200388988,-151.50197687112288,25.203951289020075,-127.09442045872059,3.0
1770929438.076473,-7.138664738479847e-28,-34.27,-0.52,-17.57,0.6099999999999999,43.76,203.39999999999998,-62.89999999999999,319.9,-151.07,25.47,-126.88,3.0
1770929438.120474,1.5204682121729816e-11,-33.69256874478287,-0.5200000530496622,-17.686307689307853,0.6103116954057564,43.69628832558392,201.44164838922322,-62.89957181643217,321.90735368636666,-150.6024364907051,25.730269435243457,-126.62507585308066,3.0
1770929438.164475,2.245164581134968e-11,-33.096305475663186,-0.5200000783345696,-17.84040212402308,0.6103874536045457,43.60448054031084,199.44023201987378,-62.89948763782842,323.90597669937756,-150.13108951295575,25.96969734343095,-126.34879482216516,3.0
1770929438.208476,-8.10639494239683e-27,-32.51,-0.52,-18.01,0.6099999999999999,43.49999999999999,197.6,-62.9,325.7,-149.69999999999996,26.17,-126.08,3.0
1770929438.252476,-5.674464619122988e-11,-31.95952625821386,-0.5199998020159651,-18.175077967387608,0.6091522221289858,43.39735319354353,196.07005695180905,-62.90107841322933,327.1492663552306,-149.34214645610908,26.32017815392993,-125.84246174920314,3.0
1770929438.2964756,-8.379068288149803e-11,-31.45909472297119,-0.5199997076514068,-18.32465249351353,0.6087676560613066,43.30737914212481,194.7789295541423,-62.90156028568333,328.33646575618326,-149.04625766964676,26.438370448367206,-125.63965951187816,3.0
1770929438.3404756,7.290052101153187e-27,-31.02,-0.5199999999999999,-18.45,0.6099999999999999,43.239999999999995,193.6,-62.9,329.4,-148.79,26.55,-125.47,3.0
1770929438.3844779,2.117739026431897e-10,-30.645622518658136,-0.5200007388864777,-18.547084144845375,0.6130794160783001,43.200595196538245,192.42256824798545,-62.89611453065049,330.45854385567304,-148.55082953671044,26.675314245333063,-125.32878085381051,3.0
1770929438.42848,3.127110857146424e-10,-30.307686002822532,-0.5200010910598039,-18.630617531552424,0.6145419221502281,43.17637326156035,191.19960531911298,-62.89427121943831,331.5518639795931,-148.30536128993867,26.813857900137272,-125.19886342661863,3.0
1770929438.4724822,-6.629025321120962e-26,-29.97,-0.52,-18.72,0.61,43.15,189.89999999999998,-62.89999999999999,332.7,-148.02999999999997,26.96,-125.06,3.0
1770929438.5164824,-7.90350964381529e-10,-29.60168737085741,-0.5199972424381243,-18.825844712490113,0.5985301135578139,43.10730305734051,188.49892931550878,-62.914463464168676,333.9239656294841,-147.7052761377899,27.113009309182225,-124.89278520592518,3.0
1770929438.5604823,-1.1670536599770716e-09,-29.193124228701723,-0.5199959281093784,-18.923618121017498,0.593064655337782,43.046757441263466,186.99672324348018,-62.92135483656348,335.24867091803696,-147.32822309652448,27.291753506639274,-124.68118307794373,3.0
1770929438.6044824,4.1296732559737795e-25,-28.74,-0.5199999999999999,-18.979999999999997,0.61,42.96999999999999,185.40000000000003,-62.89999999999999,336.69999999999993,-146.89999999999998,27.52,-124.41,3.0
1770929438.648485,2.949629954882927e-09,-28.244294664579,-0.5200102913610251,-18.976944412601533,0.6594667963571098,42.88056294447006,183.72986263812803,-62.838624205267344,338.27151955231585,-146.43176961583373,27.805981851271312,-124.07674498915549,3.0
1770929438.6924872,4.355503554193645e-09,-27.733150415704,-0.5200151965026828,-18.95750257697017,0.7265327898319758,42.78955993634877,182.06535355881854,-62.761050175048524,339.8275264223329,-145.97470928692647,28.095794739972302,-123.7297375949399,3.0
1770929438.7364898,-1.1375228840454121e-24,-27.239999999999995,-0.52,-18.979999999999997,0.79,42.709999999999994,180.5,-62.699999999999996,341.2,-145.59,28.32,-123.43,3.0
1770929438.7804897,-1.1008168855150179e-08,-26.784467304160046,-0.5199615921177752,-19.08897022969632,0.8332323306433606,42.646741461075536,179.07050902086854,-62.679187862910084,342.2936598649554,-145.3120898433197,28.43121143388059,-123.21467928189739,3.0
1770929438.8244894,-1.6254960556797514e-08,-26.330940775149045,-0.5199432858798907,-19.27377897850923,0.8578412223713443,42.57203985037852,177.5863069656905,-62.68629631509432,343.3041863555942,-145.06849531132528,28.4702527186567,-123.0254220978524,3.0
1770929438.8684893,4.688577952286289e-24,-25.829999999999995,-0.5199999999999999,-19.51,0.87,42.45,175.79999999999998,-62.699999999999996,344.50000000000006,-144.76,28.5,-122.77999999999999,3.0
1770929438.9124892,4.108304546571779e-08,-25.24524352618836,-0.520143340167874,-19.77717466861314,0.8750112884768434,42.2591378778945,173.5473605376575,-62.703883602351546,346.0649520989731,-144.3187598997764,28.56991315394701,-122.42416751288464,3.0
1770929438.9564888,6.066433867299641e-08,-24.592345742959168,-0.5202116599777546,-20.07071484232622,0.8746949132752364,42.035613995470506,170.99682598582726,-62.701171971981644,347.8446170441793,-143.80242057888364,28.6757869779935,-122.01561105068774,3.0
1770929439.0004888,7.198629451491087e-24,-23.9,-0.52,-20.39,0.87,41.83,168.39999999999998,-62.699999999999996,349.59999999999997,-143.3,28.799999999999997,-121.64,3.0
1770929439.044489,-1.53324013007721e-07,-23.197151183679278,-0.5194650472107281,-20.72899776251771,0.8630188117455597,41.68337369401316,165.9622710507243,-62.70527772768369,351.1465317391516,-142.8791668538711,28.92987669107205,-121.36124325915671,3.0
1770929439.088489,-2.2640239413518806e-07,-22.51375032708847,-0.519210074209091,-21.060028318852527,0.8604161615647479,41.59883750107283,163.7041668687787,-62.70901579697914,352.51734546768876,-142.52219274351077,29.072525295295215,-121.15620777347088,3.0
1770929439.1324892,1.143065070178903e-22,-21.88,-0.5199999999999999,-21.349999999999998,0.87,41.57,161.6,-62.699999999999996,353.80000000000007,-142.18999999999997,29.24,-120.98,3.0
1770929439.1764908,5.722130065651663e-07,-21.315781368724362,-0.5219964709892135,-21.574612059093695,0.89624679787425,41.58366364234916,159.6183700742608,-62.67130178320993,355.0674394629385,-141.84753564770224,29.43724674843139,-120.79234093197009,3.0
1770929439.2204924,8.449452378677561e-07,-20.799689985724115,-0.5229480431858815,-21.744727437819197,0.930307107132439,41.59940637060859,157.70502505757682,-62.633135210472204,356.33414923321413,-141.47584548411047,29.640778507492296,-120.57140970728075,3.0
1770929439.264494,-2.526664207094772e-22,-20.3,-0.52,-21.88,0.96,41.56999999999999,155.8,-62.599999999999994,357.6,-141.06,29.819999999999997,-120.3,3.0
1770929439.3084953,-2.135528013252945e-06,-19.793056674756787,-0.5125490688324176,-21.995146593700017,0.9753273300907653,41.46604581066426,153.86795235593686,-62.583589213550646,358.8577844831678,-140.59513499976444,29.95521038927638,-119.9742078277778,3.0
1770929439.3524964,-3.153378557335837e-06,-19.287489730015174,-0.5089977530473834,-22.085136003944744,0.97502207657216,41.329462942418765,151.9720291972108,-62.58436928705801,360.0719835253809,-140.11664754226973,30.07028660066153,-119.64333858259145,3.0
1770929439.3964977,-3.74190245061432e-22,-18.8,-0.5199999999999999,-22.139999999999997,0.96,41.22,150.2,-62.599999999999994,361.19999999999993,-139.66999999999996,30.2,-119.37,3.0
1770929439.4404986,7.96989904644661e-06,-18.339399339656065,-0.5478072536811162,-22.15517193647655,0.9324438817626858,41.18141237425304,148.58389457606646,-62.62767469592078,362.234755937723,-139.2771095384252,30.372652435203754,-119.19082775691871,3.0
1770929439.4844997,1.1768568991475589e-05,-17.882943686807877,-0.5610609446245854,-22.14769150936479,0.8996045865789225,41.19348260045712,146.9327840795064,-62.662720974629146,363.31124999859577,-138.8657124949588,30.59066768245419,-119.03856929568693,3.0
1770929439.5285006,-3.1210120457570216e-21,-17.4,-0.5199999999999999,-22.14,0.8699999999999999,41.21999999999999,144.99999999999997,-62.7,364.6,-138.34,30.85,-118.82,3.0
1770929439.5724976,-2.9744068172533504e-05,-16.86897559624873,-0.40325895348015656,-22.150461956690066,0.8515638095251651,41.23200839602724,142.62609896942743,-62.731637928692145,366.19948806223584,-137.64494536505327,31.143439129167792,-118.47248114454739,3.0
1770929439.616495,-4.392089740856653e-05,-16.30443922645711,-0.26305476475057576,-22.181134995633155,0.8498929104454878,41.22956961871571,140.0005381884677,-62.73882088849956,367.9200535172735,-136.8886506260433,31.451116743595787,-118.05571756799432,3.0
1770929439.660492,8.340729376066583e-21,-15.729999999999999,-0.17,-22.23,0.87,41.22,137.4,-62.7,369.5,-136.22,31.749999999999996,-117.65999999999998,3.0
1770929439.7044945,0.00011100637364368742,-15.161364942015844,-0.17174952499087817,-22.29927653305947,0.9146342134699877,41.20722070830462,135.02652436103932,-62.60503284856992,370.75247699851826,-135.7427386309915,32.020628085162016,-117.34998840563254,3.0
1770929439.7484972,0.00016391502064279056,-14.582632740697122,-0.22412740378053245,-22.40813887847297,0.9774904383057915,41.1815722580134,132.7835816851419,-62.48940287878012,371.7900174137921,-135.3800553712385,32.25782830612562,-117.0878196915952,3.0
1770929439.7924998,1.380657905651236e-21,-13.969999999999999,-0.26,-22.579999999999995,1.05,41.129999999999995,130.5,-62.39999999999999,372.79999999999995,-135.01,32.459999999999994,-116.81,3.0
1770929439.836501,-0.0004142814264022161,-13.312601672725123,-0.23011331692670361,-22.822802281442375,1.1232326699282007,41.04577543742095,128.05669247530494,-62.370452899250395,373.92393727702387,-134.53965566653636,32.62923371536922,-116.47052819588544,3.0
1770929439.8805022,-0.0006117391851625958,-12.65132610705081,-0.15673191642359063,-23.082605786771254,1.1868120029980038,40.94747468256407,125.54291284874303,-62.381345374157796,375.11987682755824,-133.99223900011378,32.78238484671654,-116.09337403599537,3.0
1770929439.9245033,-7.259097867496968e-20,-12.04,-0.07999999999999999,-23.29,1.23,40.85999999999999,123.1,-62.39999999999999,376.29999999999995,-133.42,32.94,-115.71999999999998,3.0
1770929439.9685032,0.001546119331965177,-11.51378392263942,-0.031500911006023945,-23.3961810078376,1.2457684401505227,40.80338124571529,120.82448351551949,-62.40204444331733,377.39992204153367,-132.86382388804833,33.117622238546225,-115.38197288489981,3.0
1770929440.012503,0.0022830417200075917,-11.033173942210853,-0.008574560154742894,-23.434771307775335,1.2419282163688525,40.778158641359994,118.63365580877542,-62.396326735699844,378.4489937944935,-132.31913677645454,33.31078045515634,-115.07127675701601,3.0
1770929440.0565028,-3.073279380727999e-19,-10.539999999999997,-5.573700866083757e-20,-23.46,1.23,40.779999999999994,116.39999999999999,-62.39999999999999,379.5,-131.76999999999998,33.51,-114.77,3.0
1770929440.100503,-0.0057701959014584935,-9.990040414495143,0.0035243683581957087,-23.512844057577546,1.22036023613637,40.799958838977126,114.03055864780308,-62.42136932748024,380.59118937165545,-131.20245618867781,33.70731436748283,-114.4597284126635,3.0
1770929440.1445029,-0.008520427694867773,-9.39486701299475,0.0036227496351509225,-23.581271945090386,1.2188084648599202,40.81063149273673,111.57061206430394,-62.433347683042854,381.70266651298647,-130.61047315332746,33.900789628954364,-114.1200374544592,3.0
1770929440.188503,1.4542041364829783e-19,-8.78,-6.009645250568128e-19,-23.64,1.23,40.779999999999994,109.1,-62.4,382.8,-129.98999999999998,34.089999999999996,-113.73,3.0
1770929440.232504,0.024497627236831254,-8.172350715676487,-0.006300266130464618,-23.66540572481515,1.2557535782669598,40.687153768746555,106.6940226340097,-62.301367135650544,383.85754269406607,-129.33783283872197,34.27423140263348,-113.27726161259439,3.0
1770929440.2765048,0.055502372763166205,-7.604395042847279,-0.008879401348824012,-23.64051128223352,1.286541627895171,40.55561168398941,104.40982185993516,-62.181393643239886,384.8847845980052,-128.654155795421,34.45161658458176,-112.78375861033253,3.0
1770929440.3205056,0.08,-7.11,1.3031127915702175e-18,-23.549999999999997,1.31,40.42,102.29999999999998,-62.1,385.9,-127.94,34.62,-112.28,3.0
1770929440.3645043,0.08852042769486763,-6.706853019095391,0.024639659126625222,-23.385903413532223,1.3173661915365247,40.30846312307373,100.38223970504767,-62.09908805584347,386.9193805928205,-127.19695319717515,34.77983409605724,-111.7897436554776,3.0
1770929440.408503,0.08577019590145897,-6.347923185986599,0.05559855946384782,-23.169645888938536,1.3142842828186534,40.22321806760194,98.53454494040025,-62.148485151405055,387.9507876875855,-126.42882959091469,34.942003291977876,-111.30974291902577,3.0
1770929440.4525018,0.07999999999999999,-5.969999999999999,0.07999999999999999,-22.929999999999996,1.31,40.16,96.59999999999998,-62.199999999999996,388.99999999999994,-125.63999999999999,35.11999999999999,-110.83,3.0
1770929440.4965036,0.07771695827999243,-5.527644615349498,0.08848237036469787,-22.690980621055992,1.3110779518832356,40.114919664884496,94.4696111383928,-62.21709545579036,390.06493493465126,-124.83805807628134,35.32235813906336,-110.34524524697683,3.0
1770929440.5405056,0.0784538806680347,-5.046504805798989,0.08574442275268872,-22.45757182867904,1.3133582778672535,40.08559011967692,92.22607245253826,-62.20985093632514,391.11206465165304,-124.04348880388348,35.537777654914144,-109.86912156541646,3.0
1770929440.5845075,0.08,-4.569999999999999,0.08,-22.23,1.3099999999999998,40.06999999999999,90.0,-62.2,392.09999999999997,-123.27999999999999,35.74999999999999,-109.42,3.0
1770929440.628507,0.0806117391851626,-4.131457408395652,0.0777271557108775,-22.01276669483646,1.2983220009305327,40.065561921092,87.898575000641,-62.202900491365426,392.9949537426479,-122.56822190510711,35.94591853287437,-109.01075683809663,3.0
1770929440.672506,0.08041428142640226,-3.7238353685953007,0.07846078656243412,-21.82747420375276,1.2922826057123349,40.067384416653354,85.93523932352113,-62.208407399590754,393.7935462983951,-121.9164744528109,36.12503423651368,-108.63228933782705,3.0
1770929440.7165055,0.08,-3.3299999999999996,0.08,-21.7,1.3099999999999998,40.06999999999999,84.1,-62.199999999999996,394.5,-121.33,36.28999999999999,-108.26999999999998,3.0
1770929440.7605062,0.07983608497935721,-2.944303528845813,0.08060900679179206,-21.631656303301927,1.3556340443946329,40.069499317414156,82.39905182200677,-62.1713025787479,395.13302787253446,-120.79720245143855,36.44433809980942,-107.91246814137749,3.0
1770929440.8045065,0.07988899362635632,-2.607042608708766,0.08041243099757493,-21.52549431927292,1.3775112992834089,40.06820554704302,80.90334062374797,-62.15651946531188,395.7693057103223,-120.23913190339171,36.595048361994074,-107.56098034253469,3.0
1770929440.8485072,0.08,-2.37,0.08,-21.259999999999998,1.31,40.07,79.7,-62.2,396.5,-119.56,36.74999999999999,-107.21999999999998,3.0
1770929440.8925078,0.08004392089740855,-2.266513661406391,0.07983681712195424,-20.752089573437367,1.1132158955650138,40.07977414258469,78.83855104466578,-62.33040771216147,397.38034217462115,-118.70296828913888,36.915617956776735,-106.89492615194898,3.0
1770929440.9365087,0.08002974406817255,-2.2561423447178317,0.07988948944726625,-20.07240037100748,0.8502647897466327,40.10646006184126,78.218064848154,-62.51366288730991,398.3218234529082,-117.76699793362253,37.09255009328778,-106.5949004031454,3.0
1770929440.9805093,0.08,-2.28,0.07999999999999999,-19.33,0.61,40.16,77.7,-62.699999999999996,399.19999999999993,-116.89,37.28,-106.32999999999998,3.0
1770929441.0245118,0.07998823143100853,-2.2907529366397648,0.08004372472039094,-18.624800217763585,0.4603912622342601,40.244367075210015,77.18007733266371,-62.84780731334691,399.91597379935087,-116.18166513274693,37.47319007308355,-106.10634576934508,3.0
1770929441.0685146,0.07999203010095356,-2.2872769013088057,0.08002961121336014,-18.02008938188247,0.3858739861745377,40.33965790929565,76.69106665030291,-62.948088244707755,400.47303010767473,-115.63880228804437,37.65141793152149,-105.91423285969863,3.0
1770929441.112517,0.08,-2.28,0.08,-17.57,0.3499999999999999,40.419999999999995,76.3,-63.0,400.8999999999999,-115.23,37.79,-105.73999999999998,3.0
1770929441.1565194,0.08000315337855733,-2.2771412587012168,0.07998828399648195,-17.298339185138108,0.3218857221646517,40.46683163064928,76.04484332838324,-63.00799266408044,401.2335404057527,-114.91518599468846,37.87495508422231,-105.56857965955953,3.0
1770929441.200522,0.08000213552801326,-2.2780833833802796,0.07999206569929325,-17.10761247183311,0.2929059322218974,40.490834226902074,75.84729818026413,-62.99768783756279,401.54161167194854,-114.61964476605203,37.935111513959605,-105.37927926917125,3.0
1770929441.2445242,0.07999999999999999,-2.28,0.07999999999999999,-16.869999999999997,0.26,40.50999999999999,75.6,-62.99999999999999,401.8999999999999,-114.26,38.00999999999999,-105.15,3.0
1770929441.2885242,0.07999915505476211,-2.2806820285553666,0.08000313929368119,-16.492954152795203,0.22576955281085034,40.53793603182244,75.22573453898856,-63.03133314144241,402.3609756887489,-113.77944274035126,38.12921181224937,-104.86266892575014,3.0
1770929441.332524,0.07999942778699343,-2.2803895651700765,0.08000212598946692,-16.02501628634071,0.21546524790084023,40.570708886799764,74.76788877678878,-63.05004929392998,402.8827454267534,-113.22743346256252,38.282580457084556,-104.51531673028317,3.0
1770929441.376524,0.08,-2.28,0.07999999999999999,-15.55,0.26,40.6,74.29999999999998,-62.99999999999999,403.3999999999999,-112.68,38.45,-104.11,3.0
1770929441.4205203,0.08000022640239415,-2.2801306270773147,0.07999915882879322,-15.129473833310831,0.37799902955490916,40.618090908727574,73.8744407378848,-62.848156251631366,403.8670012836954,-112.18963563649926,38.61301248159494,-103.65259648929187,3.0
1770929441.4645164,0.08000015332401306,-2.2803583559394154,0.07999943034283909,-14.736026086507838,0.5389367798784404,40.61966355923223,73.4589244903586,-62.65396683856916,404.3162955099267,-111.71469545777222,38.75975184288739,-103.16426862451102,3.0
1770929441.5085127,0.07999999999999999,-2.28,0.08000000000000002,-14.319999999999999,0.6999999999999998,40.6,73.0,-62.49999999999999,404.79999999999995,-111.19,38.879999999999995,-102.67000000000002,3.0
1770929441.5525146,0.07999993933566121,-2.278795463135373,0.08000022539114593,-13.852483847294936,0.8259380326731786,40.55636699993393,72.47279880576858,-62.44641222240249,405.3450932505428,-110.5809036025407,38.96503455766711,-102.19731548745287,3.0
1770929441.5965164,0.07999995891695438,-2.2781770110722626,0.0800001526391768,-13.387546034294678,0.91175059554834,40.49397020960471,71.9667836321473,-62.46371298142306,405.8779984594658,-109.97489581745988,39.01211587506962,-101.7839050679692,3.0
1770929441.6405182,0.07999999999999999,-2.2799999999999994,0.08,-12.999999999999998,0.9599999999999999,40.42,71.59999999999998,-62.49999999999999,406.2999999999999,-109.48999999999998,39.02000000000001,-101.46999999999998,3.0
1770929441.6845179,0.08000001625496095,-2.2846875203811914,0.07999993960662308,-12.736887073805857,0.9752858767893805,40.34347812857379,71.43436403904091,-62.514343006906756,406.55262571413283,-109.19712032370832,38.993886324773634,-101.27295637571153,3.0
1770929441.7285178,0.08000001100816945,-2.2869335997715354,0.0799999591004538,-12.534160146683895,0.9703571342244834,40.280751898645285,71.30727431438562,-62.509699754257156,406.7383773188768,-108.97868423535128,38.96474761979715,-101.1186296221308,3.0
1770929441.7725174,0.07999999999999999,-2.28,0.07999999999999999,-12.299999999999999,0.9599999999999999,40.24999999999999,71.0,-62.5,406.99999999999994,-108.67,38.97,-100.91,3.0
1770929441.8165352,0.07999999564449493,-2.2591211220065266,0.08000001618236176,-11.967375264889135,0.9558814231322551,40.25897974503019,70.36752281584555,-62.49621574997041,407.43699648551774,-108.15505954707046,39.03164236546057,-100.57826641710842,3.0
1770929441.8605528,0.07999999705036782,-2.227421923174931,0.08000001095900806,-11.568405971562395,0.9571912379240958,40.27376293655493,69.55967466586583,-62.49748800154837,407.97589967243425,-107.51258946335732,39.11000475685293,-100.16750236943358,3.0
1770929441.9045706,0.07999999999999999,-2.1899999999999995,0.08,-11.159999999999998,0.96,40.24999999999999,68.8,-62.5,408.5,-106.87,39.14999999999999,-99.75,3.0
1770929441.9485698,0.08000000116705928,-2.1521613249260407,0.0799999956639298,-10.789537792563637,0.9611884306815986,40.15801029871284,68.26221136424371,-62.50079399321155,408.9179068623141,-106.33041926578778,39.114359028198855,-99.3858298077067,3.0
1770929441.9925687,0.08000000079035928,-2.120045374195413,0.07999999706351399,-10.46629004114067,0.9608779140791339,40.02678894772758,67.92069368881792,-62.500348239549425,409.23950547286785,-105.89984680010856,39.037085204643,-99.08617571494983,3.0
1770929442.036568,0.08,-2.1,0.07999999999999999,-10.19,0.96,39.89999999999999,67.7,-62.49999999999999,409.5,-105.56,38.96999999999999,-98.85,3.0
1770929442.0805712,0.0799999996872679,-2.0955669116226523,0.08000000116191892,-9.958177268560126,0.9593648541413499,39.811571652711045,67.53177987532784,-62.500608277183346,409.72841310226255,-105.29141153792669,38.950551151373595,-98.67211805576859,3.0
1770929442.1245742,0.0799999997881951,-2.0990632467100894,0.080000000786936,-9.759396826837945,0.9592971057593689,39.75648867994218,67.37606909738115,-62.50111904025399,409.92904139905767,-105.06987518806046,38.958691461612126,-98.53075773373017,3.0
1770929442.1685774,0.07999999999999999,-2.1,0.08,-9.58,0.96,39.72,67.19999999999999,-62.5,410.09999999999997,-104.86999999999999,38.959999999999994,-98.4,3.0
1770929442.2125611,0.08000000008386904,-2.09223769525002,0.07999999968839447,-9.410716096158886,0.9613521527530015,39.689406794146684,66.99215061592639,-62.496772898055035,410.23881109900594,-104.675416063987,38.929732662603,-98.26310537662638,3.0
1770929442.2565446,0.08000000005686038,-2.087034972297565,0.07999999978874202,-9.259826355211297,0.961933662883391,39.66021929546668,66.82688177350943,-62.49517559943468,410.3406252271981,-104.50583763283488,38.88185265261221,-98.14005260938889,3.0
1770929442.3005283,0.08,-2.1,0.08,-9.14,0.96,39.629999999999995,66.8,-62.49999999999999,410.4,-104.38999999999999,38.839999999999996,-98.05999999999999,3.0
1770929442.3445296,0.07999999997725585,-2.135482307377268,0.0800000000845032,-9.06229168013771,0.9552265348466438,39.59783820773925,66.94035840170733,-62.51230013059649,410.42004620541707,-104.34247976168086,38.822740420436595,-98.03805303031851,3.0
1770929442.3885312,0.0799999999843634,-2.1527968640996513,0.08000000005809596,-9.031297752316897,0.9529682427070675,39.568930434487406,67.0089964011738,-62.51817856200732,410.43808732177985,-104.32121872504447,38.828342372383496,-98.03310590278844,3.0
1770929442.4325325,0.08,-2.1,0.08,-9.05,0.96,39.55,66.7,-62.50000000000001,410.5,-104.26999999999998,38.849999999999994,-97.99,3.0
1770929442.4765513,0.08000000000710755,-1.9432404826483183,0.07999999997359276,-9.120117183290299,0.9810750411937558,39.54516630082223,65.82048985131838,-62.44661917215157,410.63285593117763,-104.15355377817845,38.88004639639134,-97.87320102061808,3.0
1770929442.5205703,0.08000000000568604,-1.7210368305630965,0.0799999999788742,-9.23831596885446,1.012860032955005,39.54813304065778,64.62972521438802,-62.37285089327681,410.78850696716427,-104.02039857809831,38.90737045044641,-97.72567192760556,3.0
1770929442.564589,0.07999999999999999,-1.49,0.08,-9.4,1.05,39.54999999999999,63.5,-62.300000000000004,410.9,-103.94000000000001,38.92,-97.61,3.0
1770929442.608928,0.07999999999431397,-1.306740947214696,0.08000000002112581,-9.600572920034416,1.0871399670449924,39.54186695934222,62.803608118945384,-62.24937132894543,410.90038192172466,-103.98182364412392,38.90596288288693,-97.58877251683889,3.0
1770929442.653267,0.07999999999289245,-1.2278706284628047,0.08000000002640725,-9.83543837226525,1.118924958806242,39.51483369917778,62.91284348201501,-62.24226971673733,410.72269962437804,-104.21533511071046,38.853286936942,-97.72457675715972,3.0
1770929442.6976058,0.08,-1.31,0.08,-10.1,1.14,39.46,64.2,-62.3,410.3,-104.71,38.75,-98.08,3.0
